date,weekday,open,close,high,low,openNow,openNowFake,openForward,OpenM1
2022-01-03,(週一),1.3527,1.3458,1.3534,1.3431,1.3468,,,1.3468
2022-01-04,(週二),1.3468,1.3526,1.3557,1.3455,1.3526,1.3527,,1.3526
2022-01-05,(週三),1.3526,1.3553,1.3599,1.3521,1.3553,1.3468,,1.3553
2022-01-06,(週四),1.3553,1.3528,1.3559,1.3491,1.3528,1.3526,,1.3528
2022-01-07,(週五),1.3528,1.3590,1.3597,1.3527,1.3572,1.3553,,1.3572
2022-01-10,(週一),1.3572,1.3565,1.3604,1.3532,1.3570,1.3528,,1.3570
2022-01-11,(週二),1.3570,1.3633,1.3636,1.3561,1.3632,1.3572,,1.3632
2022-01-12,(週三),1.3632,1.3701,1.3714,1.3621,1.3701,1.3570,,1.3701
2022-01-13,(週四),1.3701,1.3706,1.3749,1.3700,1.3705,1.3632,,1.3705
2022-01-14,(週五),1.3705,1.3646,1.3743,1.3645,1.3671,1.3701,,1.3671
2022-01-17,(週一),1.3671,1.3639,1.3689,1.3637,1.3642,1.3705,,1.3642
2022-01-18,(週二),1.3642,1.3592,1.3661,1.3573,1.3589,1.3671,,1.3589
2022-01-19,(週三),1.3589,1.3609,1.3649,1.3587,1.3603,1.3642,,1.3603
2022-01-20,(週四),1.3603,1.3597,1.3662,1.3587,1.3597,1.3589,,1.3597
2022-01-21,(週五),1.3597,1.3547,1.3602,1.3545,1.3548,1.3603,,1.3548
2022-01-24,(週一),1.3548,1.3488,1.3565,1.3440,1.3488,1.3597,,1.3488
2022-01-25,(週二),1.3488,1.3500,1.3519,1.3436,1.3503,1.3548,,1.3503
2022-01-26,(週三),1.3503,1.3456,1.3524,1.3444,1.3454,1.3488,,1.3454
2022-01-27,(週四),1.3454,1.3374,1.3468,1.3358,1.3379,1.3503,,1.3379
2022-01-28,(週五),1.3379,1.3395,1.3433,1.3365,1.3395,1.3454,,1.3395
2022-01-31,(週一),1.3395,1.3441,1.3460,1.3386,1.3436,1.3379,,1.3436
2022-02-01,(週二),1.3436,1.3516,1.3528,1.3431,1.3515,1.3395,,1.3515
2022-02-02,(週三),1.3515,1.3571,1.3587,1.3513,1.3575,1.3436,,1.3575
2022-02-03,(週四),1.3575,1.3589,1.3628,1.3538,1.3589,1.3515,,1.3589
2022-02-04,(週五),1.3589,1.3527,1.3615,1.3504,1.3532,1.3575,,1.3532
2022-02-07,(週一),1.3532,1.3535,1.3551,1.3491,1.3529,1.3589,,1.3529
2022-02-08,(週二),1.3529,1.3534,1.3564,1.3508,1.3535,1.3532,,1.3535
2022-02-09,(週三),1.3535,1.3534,1.3589,1.3526,1.3534,1.3529,,1.3534
2022-02-10,(週四),1.3534,1.3554,1.3644,1.3523,1.3557,1.3535,,1.3557
2022-02-11,(週五),1.3557,1.3559,1.3610,1.3514,1.3549,1.3534,,1.3549
2022-02-14,(週一),1.3549,1.3514,1.3572,1.3495,1.3521,1.3557,,1.3521
2022-02-15,(週二),1.3521,1.3526,1.3567,1.3486,1.3540,1.3549,,1.3540
2022-02-16,(週三),1.3540,1.3579,1.3601,1.3527,1.3578,1.3521,,1.3578
2022-02-17,(週四),1.3578,1.3610,1.3638,1.3555,1.3611,1.3540,,1.3611
2022-02-18,(週五),1.3611,1.3592,1.3643,1.3573,1.3590,1.3578,,1.3590
2022-02-21,(週一),1.3590,1.3593,1.3638,1.3586,1.3595,1.3611,,1.3595
2022-02-22,(週二),1.3595,1.3566,1.3605,1.3538,1.3580,1.3590,,1.3580
2022-02-23,(週三),1.3580,1.3538,1.3621,1.3536,1.3410,1.3595,,1.3410
2022-02-24,(週四),1.3410,1.3367,1.3549,1.3273,1.3370,1.3580,,1.3370
2022-02-25,(週五),1.3370,1.3409,1.3439,1.3363,1.3342,1.3410,,1.3342
2022-02-28,(週一),1.3342,1.3402,1.3432,1.3327,1.3421,1.3370,,1.3421
2022-03-01,(週二),1.3421,1.3314,1.3438,1.3302,1.3318,1.3342,,1.3318
2022-03-02,(週三),1.3318,1.3401,1.3407,1.3272,1.3404,1.3421,,1.3404
2022-03-03,(週四),1.3404,1.3344,1.3418,1.3317,1.3344,1.3318,,1.3344
2022-03-04,(週五),1.3344,1.3233,1.3354,1.3202,1.3228,1.3404,,1.3228
2022-03-07,(週一),1.3228,1.3102,1.3226,1.3101,1.3103,1.3344,,1.3103
2022-03-08,(週二),1.3103,1.3093,1.3144,1.3082,1.3095,1.3228,,1.3095
2022-03-09,(週三),1.3095,1.3175,1.3190,1.3088,1.3175,1.3103,,1.3175
2022-03-10,(週四),1.3175,1.3082,1.3195,1.3081,1.3081,1.3095,,1.3081
2022-03-11,(週五),1.3081,1.3036,1.3125,1.3027,1.3039,1.3175,,1.3039
2022-03-14,(週一),1.3039,1.3002,1.3079,1.3001,1.3006,1.3081,,1.3006
2022-03-15,(週二),1.3006,1.3037,1.3088,1.3000,1.3036,1.3039,,1.3036
2022-03-16,(週三),1.3036,1.3145,1.3156,1.3036,1.3141,1.3006,,1.3141
2022-03-17,(週四),1.3141,1.3147,1.3211,1.3088,1.3149,1.3036,,1.3149
2022-03-18,(週五),1.3149,1.3170,1.3197,1.3111,1.3169,1.3141,,1.3169
2022-03-21,(週一),1.3169,1.3163,1.3210,1.3127,1.3164,1.3149,,1.3164
2022-03-22,(週二),1.3164,1.3261,1.3273,1.3120,1.3262,1.3169,,1.3262
2022-03-23,(週三),1.3262,1.3205,1.3299,1.3175,1.3205,1.3164,,1.3205
2022-03-24,(週四),1.3205,1.3186,1.3214,1.3157,1.3185,1.3262,,1.3185
2022-03-25,(週五),1.3185,1.3179,1.3225,1.3159,1.3172,1.3205,,1.3172
2022-03-28,(週一),1.3172,1.3096,1.3176,1.3067,1.3095,1.3185,,1.3095
2022-03-29,(週二),1.3095,1.3096,1.3160,1.3051,1.3096,1.3172,,1.3096
2022-03-30,(週三),1.3096,1.3134,1.3183,1.3089,1.3134,1.3095,,1.3134
2022-03-31,(週四),1.3134,1.3139,1.3175,1.3105,1.3141,1.3096,,1.3141
2022-04-01,(週五),1.3141,1.3111,1.3152,1.3086,1.3104,1.3134,,1.3104
2022-04-04,(週一),1.3104,1.3111,1.3137,1.3093,1.3110,1.3141,,1.3110
2022-04-05,(週二),1.3110,1.3072,1.3167,1.3067,1.3072,1.3104,,1.3072
2022-04-06,(週三),1.3072,1.3064,1.3108,1.3043,1.3056,1.3110,,1.3056
2022-04-07,(週四),1.3056,1.3073,1.3107,1.3052,1.3071,1.3072,,1.3071
2022-04-08,(週五),1.3071,1.3033,1.3080,1.2982,1.3039,1.3056,,1.3039
2022-04-11,(週一),1.3039,1.3028,1.3057,1.2989,1.3027,1.3071,,1.3027
2022-04-12,(週二),1.3027,1.2999,1.3054,1.2993,1.3000,1.3039,,1.3000
2022-04-13,(週三),1.3000,1.3090,1.3117,1.2972,1.3115,1.3027,,1.3115
2022-04-14,(週四),1.3115,1.3071,1.3147,1.3020,1.3072,1.3000,,1.3072
2022-04-15,(週五),1.3072,1.3054,1.3076,1.3039,1.3063,1.3115,,1.3063
2022-04-18,(週一),1.3063,1.3006,1.3064,1.2993,1.3008,1.3072,,1.3008
2022-04-19,(週二),1.3008,1.2994,1.3041,1.2981,1.2995,1.3063,,1.2995
2022-04-20,(週三),1.2995,1.3055,1.3071,1.2988,1.3048,1.3008,,1.3048
2022-04-21,(週四),1.3048,1.3027,1.3090,1.3015,1.3028,1.2995,,1.3028
2022-04-22,(週五),1.3028,1.2837,1.3035,1.2822,1.2829,1.3048,,1.2829
2022-04-25,(週一),1.2829,1.2737,1.2832,1.2697,1.2738,1.3028,,1.2738
2022-04-26,(週二),1.2738,1.2575,1.2772,1.2570,1.2577,1.2829,,1.2577
2022-04-27,(週三),1.2577,1.2535,1.2602,1.2502,1.2539,1.2738,,1.2539
2022-04-28,(週四),1.2539,1.2437,1.2570,1.2411,1.2439,1.2577,,1.2439
2022-04-29,(週五),1.2439,1.2577,1.2615,1.2439,1.2579,1.2539,,1.2579
2022-05-02,(週一),1.2579,1.2484,1.2597,1.2454,1.2487,1.2439,,1.2487
2022-05-03,(週二),1.2487,1.2489,1.2567,1.2470,1.2486,1.2579,,1.2486
2022-05-04,(週三),1.2486,1.2618,1.2638,1.2451,1.2623,1.2487,,1.2623
2022-05-05,(週四),1.2623,1.2357,1.2633,1.2325,1.2357,1.2486,,1.2357
2022-05-06,(週五),1.2357,1.2336,1.2380,1.2276,1.2337,1.2623,,1.2337
2022-05-09,(週一),1.2337,1.2328,1.2406,1.2261,1.2328,1.2357,,1.2328
2022-05-10,(週二),1.2328,1.2310,1.2376,1.2291,1.2316,1.2337,,1.2316
2022-05-11,(週三),1.2316,1.2243,1.2400,1.2237,1.2243,1.2328,,1.2243
2022-05-12,(週四),1.2243,1.2191,1.2253,1.2265,1.2194,1.2316,,1.2194
2022-05-13,(週五),1.2194,1.2259,1.2260,1.2155,1.2253,1.2243,,1.2253
2022-05-16,(週一),1.2253,1.2313,1.2329,1.2216,1.2316,1.2194,,1.2316
2022-05-17,(週二),1.2316,1.2480,1.2499,1.2314,1.2489,1.2253,,1.2489
2022-05-18,(週三),1.2489,1.2333,1.2501,1.2324,1.2344,1.2316,,1.2344
2022-05-19,(週四),1.2344,1.2454,1.2524,1.2334,1.2470,1.2489,,1.2470
2022-05-20,(週五),1.2470,1.2490,1.2500,1.2437,1.2508,1.2344,,1.2508
2022-05-23,(週一),1.2508,1.2574,1.2601,1.2499,1.2580,1.2470,,1.2580
2022-05-24,(週二),1.2580,1.2528,1.2599,1.2472,1.2525,1.2508,,1.2525
2022-05-25,(週三),1.2525,1.2566,1.2591,1.2481,1.2569,1.2580,,1.2569
2022-05-26,(週四),1.2569,1.2566,1.2621,1.2552,1.2576,1.2525,,1.2576
2022-05-27,(週五),1.2576,1.2630,1.2666,1.2586,1.2630,1.2569,,1.2630
2022-05-30,(週一),1.2630,1.2649,1.2660,1.2616,1.2652,1.2576,,1.2652
2022-05-31,(週二),1.2652,1.2595,1.2655,1.2500,1.2602,1.2630,,1.2602
2022-06-01,(週三),1.2602,1.2480,1.2617,1.2458,1.2481,1.2652,,1.2481
2022-06-02,(週四),1.2481,1.2570,1.2586,1.2469,1.2575,1.2602,,1.2575
2022-06-03,(週五),1.2575,1.2486,1.2590,1.2485,1.2498,1.2481,,1.2498
2022-06-06,(週一),1.2498,1.2527,1.2577,1.2476,1.2527,1.2575,,1.2527
2022-06-07,(週二),1.2527,1.2588,1.2599,1.2430,1.2589,1.2498,,1.2589
2022-06-08,(週三),1.2589,1.2534,1.2597,1.2513,1.2536,1.2527,,1.2536
2022-06-09,(週四),1.2536,1.2486,1.2558,1.2478,1.2486,1.2589,,1.2486
2022-06-10,(週五),1.2486,1.2310,1.2517,1.2301,1.2294,1.2536,,1.2294
2022-06-13,(週一),1.2294,1.2129,1.2300,1.2107,1.2128,1.2486,,1.2128
2022-06-14,(週二),1.2128,1.1990,1.2208,1.1934,1.1992,1.2294,,1.1992
2022-06-15,(週三),1.1992,1.2168,1.2204,1.1983,1.2169,1.2128,,1.2169
2022-06-16,(週四),1.2169,1.2346,1.2406,1.2041,1.2353,1.1992,,1.2353
2022-06-17,(週五),1.2353,1.2216,1.2360,1.2173,1.2225,1.2169,,1.2225
2022-06-20,(週一),1.2225,1.2236,1.2280,1.2199,1.2243,1.2353,,1.2243
2022-06-21,(週二),1.2243,1.2258,1.2325,1.2236,1.2277,1.2225,,1.2277
2022-06-22,(週三),1.2277,1.2260,1.2315,1.2161,1.2260,1.2243,,1.2260
2022-06-23,(週四),1.2260,1.2258,1.2294,1.2170,1.2253,1.2277,,1.2253
2022-06-24,(週五),1.2253,1.2271,1.2320,1.2241,1.2288,1.2260,,1.2288
2022-06-27,(週一),1.2288,1.2264,1.2332,1.2238,1.2263,1.2253,,1.2263
2022-06-28,(週二),1.2263,1.2181,1.2292,1.2180,1.2181,1.2288,,1.2181
2022-06-29,(週三),1.2181,1.2120,1.2213,1.2104,1.2118,1.2263,,1.2118
2022-06-30,(週四),1.2118,1.2172,1.2188,1.2092,1.2166,1.2181,,1.2166
2022-07-01,(週五),1.2166,1.2092,1.2175,1.1975,1.2110,1.2118,,1.2110
2022-07-04,(週一),1.2110,1.2100,1.2165,1.2080,1.2102,1.2166,,1.2102
2022-07-05,(週二),1.2102,1.1913,1.2125,1.1898,1.1943,1.2110,,1.1943
2022-07-06,(週三),1.1943,1.1899,1.1990,1.1876,1.1913,1.2102,,1.1913
2022-07-07,(週四),1.1913,1.2022,1.2030,1.1909,1.2019,1.1943,,1.2019
2022-07-08,(週五),1.2019,1.2033,1.2056,1.1920,1.2025,1.1913,,1.2025
2022-07-11,(週一),1.2025,1.1886,1.2028,1.1866,1.1895,1.2019,,1.1895
2022-07-12,(週二),1.1895,1.1880,1.1916,1.1807,1.1884,1.2025,,1.1884
2022-07-13,(週三),1.1884,1.1889,1.1967,1.1827,1.1889,1.1895,,1.1889
2022-07-14,(週四),1.1889,1.1817,1.1893,1.1760,1.1823,1.1884,,1.1823
2022-07-15,(週五),1.1823,1.1863,1.1874,1.1804,1.1873,1.1889,,1.1873
2022-07-18,(週一),1.1873,1.1942,1.2033,1.1868,1.1947,1.1823,,1.1947
2022-07-19,(週二),1.1947,1.1999,1.2045,1.1925,1.1997,1.1873,,1.1997
2022-07-20,(週三),1.1997,1.1971,1.2037,1.1950,1.1973,1.1947,,1.1973
2022-07-21,(週四),1.1973,1.1980,1.2004,1.1889,1.1989,1.1997,,1.1989
2022-07-22,(週五),1.1989,1.2004,1.2064,1.1916,1.2000,1.1973,,1.2000
2022-07-25,(週一),1.2000,1.2033,1.2087,1.1960,1.2035,1.1989,,1.2035
2022-07-26,(週二),1.2035,1.2016,1.2090,1.1964,1.2019,1.2000,,1.2019
2022-07-27,(週三),1.2019,1.2146,1.2186,1.2019,1.2149,1.2035,,1.2149
2022-07-28,(週四),1.2149,1.2169,1.2191,1.2103,1.2169,1.2019,,1.2169
2022-07-29,(週五),1.2169,1.2183,1.2246,1.2163,1.2171,1.2149,,1.2171
2022-08-01,(週一),1.2171,1.2246,1.2293,1.2162,1.2243,1.2169,,1.2243
2022-08-02,(週二),1.2243,1.2157,1.2279,1.2152,1.2164,1.2171,,1.2164
2022-08-03,(週三),1.2164,1.2129,1.2208,1.2100,1.2142,1.2243,,1.2142
2022-08-04,(週四),1.2142,1.2154,1.2214,1.2066,1.2157,1.2164,,1.2157
2022-08-05,(週五),1.2157,1.2073,1.2169,1.2003,1.2059,1.2142,,1.2059
2022-08-08,(週一),1.2059,1.2071,1.2137,1.2048,1.2077,1.2157,,1.2077
2022-08-09,(週二),1.2077,1.2072,1.2130,1.2061,1.2068,1.2059,,1.2068
2022-08-10,(週三),1.2068,1.2219,1.2276,1.2064,1.2210,1.2077,,1.2210
2022-08-11,(週四),1.2210,1.2199,1.2249,1.2182,1.2199,1.2068,,1.2199
2022-08-12,(週五),1.2199,1.2134,1.2216,1.2099,1.2132,1.2210,,1.2132
2022-08-15,(週一),1.2132,1.2054,1.2148,1.2050,1.2052,1.2199,,1.2052
2022-08-16,(週二),1.2052,1.2083,1.2118,1.2008,1.2091,1.2132,,1.2091
2022-08-17,(週三),1.2091,1.2043,1.2143,1.2028,1.2046,1.2052,,1.2046
2022-08-18,(週四),1.2046,1.1920,1.2079,1.1919,1.1930,1.2091,,1.1930
2022-08-19,(週五),1.1930,1.1826,1.1936,1.1792,1.1822,1.2046,,1.1822
2022-08-22,(週一),1.1822,1.1760,1.1837,1.1727,1.1764,1.1930,,1.1764
2022-08-23,(週二),1.1764,1.1821,1.1878,1.1717,1.1825,1.1822,,1.1825
2022-08-24,(週三),1.1825,1.1791,1.1838,1.1755,1.1794,1.1764,,1.1794
2022-08-25,(週四),1.1794,1.1833,1.1864,1.1784,1.1830,1.1825,,1.1830
2022-08-26,(週五),1.1830,1.1738,1.1901,1.1733,1.1711,1.1794,,1.1711
2022-08-29,(週一),1.1711,1.1704,1.1744,1.1649,1.1704,1.1830,,1.1704
2022-08-30,(週二),1.1704,1.1642,1.1760,1.1621,1.1652,1.1711,,1.1652
2022-08-31,(週三),1.1652,1.1620,1.1694,1.1599,1.1612,1.1704,,1.1612
2022-09-01,(週四),1.1612,1.1541,1.1619,1.1498,1.1541,1.1652,,1.1541
2022-09-02,(週五),1.1541,1.1510,1.1589,1.1496,1.1480,1.1612,,1.1480
2022-09-05,(週一),1.1480,1.1514,1.1521,1.1444,1.1510,1.1541,,1.1510
2022-09-06,(週二),1.1510,1.1512,1.1609,1.1494,1.1516,1.1480,,1.1516
2022-09-07,(週三),1.1516,1.1512,1.1539,1.1405,1.1531,1.1510,,1.1531
2022-09-08,(週四),1.1531,1.1501,1.1560,1.1460,1.1499,1.1516,,1.1499
2022-09-09,(週五),1.1499,1.1587,1.1648,1.1496,1.1610,1.1531,,1.1610
2022-09-12,(週一),1.1610,1.1668,1.1710,1.1600,1.1678,1.1499,,1.1678
2022-09-13,(週二),1.1678,1.1490,1.1738,1.1478,1.1492,1.1610,,1.1492
2022-09-14,(週三),1.1492,1.1530,1.1590,1.1480,1.1534,1.1678,,1.1534
2022-09-15,(週四),1.1534,1.1463,1.1549,1.1459,1.1467,1.1492,,1.1467
2022-09-16,(週五),1.1467,1.1422,1.1480,1.1350,1.1429,1.1534,,1.1429
2022-09-19,(週一),1.1429,1.1424,1.1442,1.1355,1.1428,1.1467,,1.1428
2022-09-20,(週二),1.1428,1.1369,1.1461,1.1349,1.1376,1.1429,,1.1376
2022-09-21,(週三),1.1376,1.1261,1.1385,1.1235,1.1271,1.1428,,1.1271
2022-09-22,(週四),1.1271,1.1252,1.1364,1.1212,1.1255,1.1376,,1.1255
2022-09-23,(週五),1.1255,1.0846,1.1274,1.0795,1.0845,1.1271,,1.0845
2022-09-26,(週一),1.0845,1.0680,1.0930,1.0285,1.0683,1.1255,,1.0683
2022-09-27,(週二),1.0683,1.0726,1.0838,1.0649,1.0729,1.0845,,1.0729
2022-09-28,(週三),1.0729,1.0878,1.0916,1.0539,1.0883,1.0683,,1.0883
2022-09-29,(週四),1.0883,1.1115,1.1119,1.0762,1.1117,1.0729,,1.1117
2022-09-30,(週五),1.1117,1.1152,1.1234,1.1025,1.1155,1.0883,,1.1155
2022-10-03,(週一),1.1155,1.1318,1.1334,1.1085,1.1315,1.1117,,1.1315
2022-10-04,(週二),1.1315,1.1454,1.1490,1.1281,1.1468,1.1155,,1.1468
2022-10-05,(週三),1.1468,1.1307,1.1496,1.1227,1.1311,1.1315,,1.1311
2022-10-06,(週四),1.1311,1.1130,1.1383,1.1112,1.1151,1.1468,,1.1151
2022-10-07,(週五),1.1151,1.1085,1.1225,1.1055,1.1070,1.1311,,1.1070
2022-10-10,(週一),1.1070,1.1054,1.1111,1.1019,1.1052,1.1151,,1.1052
2022-10-11,(週二),1.1052,1.0962,1.1180,1.0953,1.0972,1.1070,,1.0972
2022-10-12,(週三),1.0972,1.1080,1.1134,1.0924,1.1094,1.1052,,1.1094
2022-10-13,(週四),1.1094,1.1315,1.1381,1.1057,1.1315,1.0972,,1.1315
2022-10-14,(週五),1.1315,1.1176,1.1367,1.1152,1.1236,1.1094,,1.1236
2022-10-17,(週一),1.1236,1.1340,1.1440,1.1215,1.1352,1.1315,,1.1352
2022-10-18,(週二),1.1352,1.1306,1.1410,1.1256,1.1319,1.1236,,1.1319
2022-10-19,(週三),1.1319,1.1210,1.1357,1.1185,1.1211,1.1352,,1.1211
2022-10-20,(週四),1.1211,1.1214,1.1336,1.1171,1.1230,1.1319,,1.1230
2022-10-21,(週五),1.1230,1.1292,1.1315,1.1060,1.1333,1.1211,,1.1333
2022-10-24,(週一),1.1333,1.1271,1.1389,1.1258,1.1275,1.1230,,1.1275
2022-10-25,(週二),1.1275,1.1462,1.1499,1.1271,1.1466,1.1333,,1.1466
2022-10-26,(週三),1.1466,1.1593,1.1638,1.1430,1.1629,1.1275,,1.1629
2022-10-27,(週四),1.1629,1.1548,1.1646,1.1548,1.1562,1.1466,,1.1562
2022-10-28,(週五),1.1562,1.1615,1.1623,1.1504,1.1600,1.1629,,1.1600
2022-10-31,(週一),1.1600,1.1460,1.1613,1.1435,1.1466,1.1562,,1.1466
2022-11-01,(週二),1.1466,1.1478,1.1566,1.1437,1.1482,1.1600,,1.1482
2022-11-02,(週三),1.1482,1.1390,1.1565,1.1370,1.1389,1.1466,,1.1389
2022-11-03,(週四),1.1389,1.1153,1.1422,1.1139,1.1154,1.1482,,1.1154
2022-11-04,(週五),1.1154,1.1371,1.1382,1.1145,1.1315,1.1389,,1.1315
2022-11-07,(週一),1.1315,1.1510,1.1542,1.1291,1.1509,1.1154,,1.1509
2022-11-08,(週二),1.1509,1.1523,1.1599,1.1430,1.1539,1.1315,,1.1539
2022-11-09,(週三),1.1539,1.1342,1.1567,1.1332,1.1351,1.1509,,1.1351
2022-11-10,(週四),1.1351,1.1675,1.1731,1.1350,1.1715,1.1539,,1.1715
2022-11-11,(週五),1.1715,1.1832,1.1855,1.1647,1.1776,1.1351,,1.1776
2022-11-14,(週一),1.1776,1.1750,1.1829,1.1710,1.1749,1.1715,,1.1749
2022-11-15,(週二),1.1749,1.1848,1.2029,1.1741,1.1854,1.1776,,1.1854
2022-11-16,(週三),1.1854,1.1910,1.1942,1.1831,1.1909,1.1749,,1.1909
2022-11-17,(週四),1.1909,1.1866,1.1958,1.1762,1.1802,1.1854,,1.1802
2022-11-18,(週五),1.1802,1.1884,1.1951,1.1856,1.1887,1.1909,,1.1887
2022-11-21,(週一),1.1887,1.1815,1.1894,1.1779,1.1819,1.1802,,1.1819
2022-11-22,(週二),1.1819,1.1883,1.1903,1.1816,1.1882,1.1887,,1.1882
2022-11-23,(週三),1.1882,1.2051,1.2081,1.1872,1.2048,1.1819,,1.2048
2022-11-24,(週四),1.2048,1.2107,1.2154,1.2047,1.2109,1.1882,,1.2109
2022-11-25,(週五),1.2109,1.2076,1.2128,1.2058,1.2061,1.2048,,1.2061
2022-11-28,(週一),1.2061,1.1945,1.2118,1.1939,1.1952,1.2109,,1.1952
2022-11-29,(週二),1.1952,1.1950,1.2064,1.1941,1.1952,1.2061,,1.1952
2022-11-30,(週三),1.1952,1.2046,1.2087,1.1900,1.2053,1.1952,,1.2053
2022-12-01,(週四),1.2053,1.2250,1.2311,1.2050,1.2256,1.1952,,1.2256
2022-12-02,(週五),1.2256,1.2291,1.2300,1.2134,1.2272,1.2053,,1.2272
2022-12-05,(週一),1.2272,1.2164,1.2344,1.2127,1.2182,1.2256,,1.2182
2022-12-06,(週二),1.2182,1.2125,1.2269,1.2111,1.2128,1.2272,,1.2128
2022-12-07,(週三),1.2128,1.2190,1.2234,1.2106,1.2200,1.2182,,1.2200
2022-12-08,(週四),1.2200,1.2232,1.2247,1.2155,1.2230,1.2128,,1.2230
2022-12-09,(週五),1.2230,1.2260,1.2323,1.2201,1.2256,1.2200,,1.2256
2022-12-12,(週一),1.2256,1.2261,1.2299,1.2204,1.2262,1.2230,,1.2262
2022-12-13,(週二),1.2262,1.2345,1.2444,1.2248,1.2356,1.2256,,1.2356
2022-12-14,(週三),1.2356,1.2415,1.2446,1.2342,1.2422,1.2262,,1.2422
2022-12-15,(週四),1.2422,1.2174,1.2427,1.2156,1.2177,1.2356,,1.2177
2022-12-16,(週五),1.2177,1.2153,1.2223,1.2119,1.2161,1.2422,,1.2161
2022-12-19,(週一),1.2161,1.2144,1.2242,1.2112,1.2148,1.2177,,1.2148
2022-12-20,(週二),1.2148,1.2162,1.2223,1.2085,1.2174,1.2161,,1.2174
2022-12-21,(週三),1.2174,1.2079,1.2192,1.2054,1.2069,1.2148,,1.2069
2022-12-22,(週四),1.2069,1.2008,1.2147,1.1959,1.2014,1.2174,,1.2014
2022-12-23,(週五),1.2014,1.2050,1.2090,1.2018,1.2063,1.2069,,1.2063
2022-12-27,(週二),1.2063,1.2010,1.2112,1.1979,1.2017,1.2014,,1.2017
2022-12-28,(週三),1.2017,1.2013,1.2126,1.2000,1.2014,1.2063,,1.2014
2022-12-29,(週四),1.2014,1.2051,1.2079,1.1984,1.2054,1.2017,,1.2054
2022-12-30,(週五),1.2054,1.2092,1.2108,1.2010,1.2050,1.2014,,1.2050
2023-01-02,(週一),1.2050,1.2043,1.2095,1.2031,1.2046,1.2054,,1.2046
2023-01-03,(週二),1.2046,1.1960,1.2085,1.1901,1.1964,1.2050,,1.1964
2023-01-04,(週三),1.1964,1.2051,1.2088,1.1957,1.2052,1.2046,,1.2052
2023-01-05,(週四),1.2052,1.1883,1.2077,1.1838,1.1890,1.1964,,1.1890
2023-01-06,(週五),1.1890,1.2094,1.2099,1.1837,1.2083,1.2052,,1.2083
2023-01-09,(週一),1.2083,1.2183,1.2210,1.2083,1.2169,1.1890,,1.2169
2023-01-10,(週二),1.2169,1.2143,1.2197,1.2106,1.2141,1.2083,,1.2141
2023-01-11,(週三),1.2141,1.2130,1.2178,1.2100,1.2139,1.2169,,1.2139
2023-01-12,(週四),1.2139,1.2189,1.2247,1.2086,1.2200,1.2141,,1.2200
2023-01-13,(週五),1.2200,1.2235,1.2249,1.2151,1.2223,1.2139,,1.2223
2023-01-16,(週一),1.2223,1.2186,1.2289,1.2166,1.2196,1.2200,,1.2196
2023-01-17,(週二),1.2196,1.2271,1.2301,1.2167,1.2272,1.2223,,1.2272
2023-01-18,(週三),1.2272,1.2343,1.2436,1.2254,1.2338,1.2196,,1.2338
2023-01-19,(週四),1.2338,1.2385,1.2397,1.2313,1.2383,1.2272,,1.2383
2023-01-20,(週五),1.2383,1.2400,1.2405,1.2335,1.2402,1.2338,,1.2402
2023-01-23,(週一),1.2402,1.2358,1.2448,1.2320,1.2375,1.2383,,1.2375
2023-01-24,(週二),1.2375,1.2319,1.2414,1.2263,1.2328,1.2402,,1.2328
2023-01-25,(週三),1.2328,1.2401,1.2404,1.2283,1.2395,1.2375,,1.2395
2023-01-26,(週四),1.2395,1.2390,1.2430,1.2345,1.2408,1.2328,,1.2408
2023-01-27,(週五),1.2408,1.2397,1.2419,1.2345,1.2389,1.2395,,1.2389
2023-01-30,(週一),1.2389,1.2340,1.2417,1.2323,1.2345,1.2408,,1.2345
2023-01-31,(週二),1.2345,1.2314,1.2371,1.2279,1.2314,1.2389,,1.2314
2023-02-01,(週三),1.2314,1.2371,1.2395,1.2272,1.2373,1.2345,,1.2373
2023-02-02,(週四),1.2373,1.2225,1.2402,1.2221,1.2223,1.2314,,1.2223
2023-02-03,(週五),1.2223,1.2051,1.2266,1.2046,1.2038,1.2373,,1.2038
2023-02-06,(週一),1.2038,1.2015,1.2077,1.1990,1.2015,1.2223,,1.2015
2023-02-07,(週二),1.2015,1.2041,1.2095,1.1961,1.2032,1.2038,,1.2032
2023-02-08,(週三),1.2032,1.2054,1.2110,1.2031,1.2064,1.2015,,1.2064
2023-02-09,(週四),1.2064,1.2118,1.2194,1.2057,1.2117,1.2032,,1.2117
2023-02-10,(週五),1.2117,1.2058,1.2139,1.2047,1.2051,1.2064,,1.2051
2023-02-13,(週一),1.2051,1.2136,1.2152,1.2030,1.2133,1.2117,,1.2133
2023-02-14,(週二),1.2133,1.2167,1.2270,1.2117,1.2168,1.2051,,1.2168
2023-02-15,(週三),1.2168,1.2028,1.2182,1.1990,1.2031,1.2133,,1.2031
2023-02-16,(週四),1.2031,1.1981,1.2074,1.1965,1.1984,1.2168,,1.1984
2023-02-17,(週五),1.1984,1.2040,1.2049,1.1915,1.2032,1.2031,,1.2032
2023-02-20,(週一),1.2032,1.2033,1.2057,1.2014,1.2033,1.1984,,1.2033
2023-02-21,(週二),1.2033,1.2090,1.2148,1.1986,1.2103,1.2032,,1.2103
2023-02-22,(週三),1.2103,1.2034,1.2135,1.2025,1.2039,1.2033,,1.2039
2023-02-23,(週四),1.2039,1.2011,1.2075,1.1992,1.2015,1.2103,,1.2015
2023-02-24,(週五),1.2015,1.1939,1.2042,1.1928,1.1943,1.2039,,1.1943
2023-02-27,(週一),1.1943,1.2046,1.2066,1.1922,1.2052,1.2015,,1.2052
2023-02-28,(週二),1.2052,1.2015,1.2143,1.1990,1.2020,1.1943,,1.2020
2023-03-01,(週三),1.2020,1.2004,1.2089,1.1965,1.2019,1.2052,,1.2019
2023-03-02,(週四),1.2019,1.1949,1.2036,1.1925,1.1940,1.2020,,1.1940
2023-03-03,(週五),1.1940,1.2044,1.2049,1.1939,1.2032,1.2019,,1.2032
2023-03-06,(週一),1.2032,1.2018,1.2049,1.1991,1.2021,1.1940,,1.2021
2023-03-07,(週二),1.2021,1.1823,1.2065,1.1812,1.1824,1.2032,,1.1824
2023-03-08,(週三),1.1824,1.1831,1.1859,1.1802,1.1834,1.2021,,1.1834
2023-03-09,(週四),1.1834,1.1917,1.1939,1.1832,1.1918,1.1824,,1.1918
2023-03-10,(週五),1.1918,1.2031,1.2113,1.1907,1.2084,1.1834,,1.2084
2023-03-13,(週一),1.2084,1.2164,1.2200,1.2047,1.2170,1.1918,,1.2170
2023-03-14,(週二),1.2170,1.2156,1.2204,1.2135,1.2153,1.2084,,1.2153
2023-03-15,(週三),1.2153,1.2047,1.2182,1.2008,1.2059,1.2170,,1.2059
2023-03-16,(週四),1.2059,1.2101,1.2128,1.2027,1.2100,1.2153,,1.2100
2023-03-17,(週五),1.2100,1.2175,1.2201,1.2100,1.2183,1.2059,,1.2183
2023-03-20,(週一),1.2183,1.2267,1.2285,1.2167,1.2276,1.2100,,1.2276
2023-03-21,(週二),1.2276,1.2213,1.2282,1.2179,1.2213,1.2183,,1.2213
2023-03-22,(週三),1.2213,1.2256,1.2335,1.2208,1.2266,1.2276,,1.2266
2023-03-23,(週四),1.2266,1.2283,1.2343,1.2252,1.2280,1.2213,,1.2280
2023-03-24,(週五),1.2280,1.2230,1.2292,1.2190,1.2244,1.2266,,1.2244
2023-03-27,(週一),1.2244,1.2283,1.2293,1.2219,1.2278,1.2280,,1.2278
2023-03-28,(週二),1.2278,1.2332,1.2349,1.2281,1.2335,1.2244,,1.2335
2023-03-29,(週三),1.2335,1.2305,1.2362,1.2290,1.2309,1.2278,,1.2309
2023-03-30,(週四),1.2309,1.2381,1.2393,1.2294,1.2384,1.2335,,1.2384
2023-03-31,(週五),1.2384,1.2329,1.2423,1.2324,1.2310,1.2309,,1.2310
2023-04-03,(週一),1.2310,1.2407,1.2423,1.2274,1.2404,1.2384,,1.2404
2023-04-04,(週二),1.2404,1.2499,1.2525,1.2395,1.2502,1.2310,,1.2502
2023-04-05,(週三),1.2502,1.2454,1.2514,1.2422,1.2456,1.2404,,1.2456
2023-04-06,(週四),1.2456,1.2440,1.2487,1.2413,1.2437,1.2502,,1.2437
2023-04-07,(週五),1.2437,1.2411,1.2456,1.2389,1.2427,1.2456,,1.2427
2023-04-10,(週一),1.2427,1.2378,1.2443,1.2344,1.2378,1.2437,,1.2378
2023-04-11,(週二),1.2378,1.2419,1.2456,1.2377,1.2421,1.2427,,1.2421
2023-04-12,(週三),1.2421,1.2476,1.2495,1.2398,1.2480,1.2378,,1.2480
2023-04-13,(週四),1.2480,1.2516,1.2537,1.2478,1.2517,1.2421,,1.2517
2023-04-14,(週五),1.2517,1.2414,1.2547,1.2399,1.2407,1.2480,,1.2407
2023-04-17,(週一),1.2407,1.2360,1.2438,1.2350,1.2372,1.2517,,1.2372
2023-04-18,(週二),1.2372,1.2422,1.2450,1.2367,1.2424,1.2407,,1.2424
2023-04-19,(週三),1.2424,1.2439,1.2474,1.2392,1.2436,1.2372,,1.2436
2023-04-20,(週四),1.2436,1.2434,1.2468,1.2405,1.2436,1.2424,,1.2436
2023-04-21,(週五),1.2436,1.2444,1.2448,1.2367,1.2445,1.2436,,1.2445
2023-04-24,(週一),1.2445,1.2472,1.2486,1.2410,1.2481,1.2436,,1.2481
2023-04-25,(週二),1.2481,1.2402,1.2507,1.2387,1.2404,1.2445,,1.2404
2023-04-26,(週三),1.2404,1.2447,1.2516,1.2402,1.2461,1.2481,,1.2461
2023-04-27,(週四),1.2461,1.2463,1.2499,1.2436,1.2494,1.2404,,1.2494
2023-04-28,(週五),1.2494,1.2568,1.2584,1.2446,1.2556,1.2461,,1.2556
2023-05-01,(週一),1.2556,1.2491,1.2569,1.2446,1.2492,1.2494,,1.2492
2023-05-02,(週二),1.2492,1.2455,1.2512,1.2436,1.2466,1.2556,,1.2466
2023-05-03,(週三),1.2466,1.2537,1.2590,1.2465,1.2550,1.2492,,1.2550
2023-05-04,(週四),1.2550,1.2561,1.2599,1.2543,1.2567,1.2466,,1.2567
2023-05-05,(週五),1.2567,1.2631,1.2652,1.2539,1.2628,1.2550,,1.2628
2023-05-08,(週一),1.2628,1.2607,1.2668,1.2566,1.2613,1.2567,,1.2613
2023-05-09,(週二),1.2613,1.2606,1.2639,1.2578,1.2615,1.2628,,1.2615
2023-05-10,(週三),1.2615,1.2625,1.2680,1.2603,1.2620,1.2613,,1.2620
2023-05-11,(週四),1.2620,1.2505,1.2640,1.2496,1.2512,1.2615,,1.2512
2023-05-12,(週五),1.2512,1.2448,1.2541,1.2445,1.2448,1.2620,,1.2448
2023-05-15,(週一),1.2448,1.2513,1.2535,1.2445,1.2525,1.2512,,1.2525
2023-05-16,(週二),1.2525,1.2470,1.2546,1.2459,1.2479,1.2448,,1.2479
2023-05-17,(週三),1.2479,1.2475,1.2510,1.2422,1.2484,1.2525,,1.2484
2023-05-18,(週四),1.2484,1.2397,1.2493,1.2378,1.2403,1.2479,,1.2403
2023-05-19,(週五),1.2403,1.2446,1.2484,1.2392,1.2451,1.2484,,1.2451
2023-05-22,(週一),1.2451,1.2424,1.2472,1.2407,1.2431,1.2403,,1.2431
2023-05-23,(週二),1.2431,1.2404,1.2446,1.2373,1.2415,1.2451,,1.2415
2023-05-24,(週三),1.2415,1.2359,1.2469,1.2349,1.2362,1.2431,,1.2362
2023-05-25,(週四),1.2362,1.2315,1.2387,1.2293,1.2321,1.2415,,1.2321
2023-05-26,(週五),1.2321,1.2349,1.2395,1.2311,1.2346,1.2362,,1.2346
2023-05-29,(週一),1.2346,1.2341,1.2372,1.2335,1.2346,1.2321,,1.2346
2023-05-30,(週二),1.2346,1.2392,1.2446,1.2327,1.2410,1.2346,,1.2410
2023-05-31,(週三),1.2410,1.2425,1.2444,1.2348,1.2430,1.2346,,1.2430
2023-06-01,(週四),1.2430,1.2512,1.2540,1.2401,1.2521,1.2410,,1.2521
2023-06-02,(週五),1.2521,1.2450,1.2545,1.2441,1.2436,1.2430,,1.2436
2023-06-05,(週一),1.2436,1.2412,1.2444,1.2368,1.2427,1.2521,,1.2427
2023-06-06,(週二),1.2427,1.2413,1.2459,1.2392,1.2421,1.2436,,1.2421
2023-06-07,(週三),1.2421,1.2428,1.2500,1.2395,1.2434,1.2427,,1.2434
2023-06-08,(週四),1.2434,1.2546,1.2561,1.2433,1.2555,1.2421,,1.2555
2023-06-09,(週五),1.2555,1.2579,1.2590,1.2534,1.2576,1.2434,,1.2576
2023-06-12,(週一),1.2576,1.2495,1.2600,1.2468,1.2507,1.2555,,1.2507
2023-06-13,(週二),1.2507,1.2592,1.2625,1.2507,1.2608,1.2576,,1.2608
2023-06-14,(週三),1.2608,1.2648,1.2699,1.2599,1.2660,1.2507,,1.2660
2023-06-15,(週四),1.2660,1.2773,1.2786,1.2630,1.2780,1.2608,,1.2780
2023-06-16,(週五),1.2780,1.2820,1.2848,1.2768,1.2831,1.2660,,1.2831
2023-06-19,(週一),1.2831,1.2770,1.2837,1.2738,1.2786,1.2780,,1.2786
2023-06-20,(週二),1.2786,1.2741,1.2806,1.2713,1.2756,1.2831,,1.2756
2023-06-21,(週三),1.2756,1.2742,1.2801,1.2691,1.2765,1.2786,,1.2765
2023-06-22,(週四),1.2765,1.2733,1.2832,1.2715,1.2743,1.2756,,1.2743
2023-06-23,(週五),1.2743,1.2715,1.2749,1.2683,1.2723,1.2765,,1.2723
2023-06-26,(週一),1.2723,1.2705,1.2748,1.2688,1.2709,1.2743,,1.2709
2023-06-27,(週二),1.2709,1.2747,1.2759,1.2701,1.2747,1.2723,,1.2747
2023-06-28,(週三),1.2747,1.2631,1.2752,1.2607,1.2637,1.2709,,1.2637
2023-06-29,(週四),1.2637,1.2605,1.2667,1.2591,1.2607,1.2747,,1.2607
2023-06-30,(週五),1.2607,1.2694,1.2727,1.2599,1.2697,1.2637,,1.2697
2023-07-03,(週一),1.2697,1.2686,1.2723,1.2658,1.2691,1.2607,,1.2691
2023-07-04,(週二),1.2691,1.2710,1.2739,1.2681,1.2709,1.2697,,1.2709
2023-07-05,(週三),1.2709,1.2687,1.2735,1.2678,1.2700,1.2691,,1.2700
2023-07-06,(週四),1.2700,1.2735,1.2781,1.2673,1.2737,1.2709,,1.2737
2023-07-07,(週五),1.2737,1.2838,1.2849,1.2726,1.2837,1.2700,,1.2837
2023-07-10,(週一),1.2837,1.2852,1.2868,1.2750,1.2855,1.2737,,1.2855
2023-07-11,(週二),1.2855,1.2930,1.2935,1.2853,1.2930,1.2837,,1.2930
2023-07-12,(週三),1.2930,1.2972,1.3001,1.2904,1.2989,1.2855,,1.2989
2023-07-13,(週四),1.2989,1.3120,1.3141,1.2982,1.3129,1.2930,,1.3129
2023-07-14,(週五),1.3129,1.3091,1.3142,1.3089,1.3092,1.2989,,1.3092
2023-07-17,(週一),1.3092,1.3072,1.3109,1.3051,1.3072,1.3129,,1.3072
2023-07-18,(週二),1.3072,1.3030,1.3126,1.3000,1.3037,1.3092,,1.3037
2023-07-19,(週三),1.3037,1.2931,1.3041,1.2867,1.2933,1.3072,,1.2933
2023-07-20,(週四),1.2933,1.2861,1.2964,1.2840,1.2865,1.3037,,1.2865
2023-07-21,(週五),1.2865,1.2853,1.2904,1.2816,1.2853,1.2933,,1.2853
2023-07-24,(週一),1.2853,1.2815,1.2884,1.2794,1.2817,1.2865,,1.2817
2023-07-25,(週二),1.2817,1.2871,1.2905,1.2809,1.2893,1.2853,,1.2893
2023-07-26,(週三),1.2893,1.2935,1.2960,1.2875,1.2939,1.2817,,1.2939
2023-07-27,(週四),1.2939,1.2786,1.2996,1.2769,1.2795,1.2893,,1.2795
2023-07-28,(週五),1.2795,1.2846,1.2887,1.2763,1.2853,1.2939,,1.2853
2023-07-31,(週一),1.2853,1.2832,1.2873,1.2815,1.2836,1.2795,,1.2836
2023-08-01,(週二),1.2836,1.2768,1.2841,1.2741,1.2771,1.2853,,1.2771
2023-08-02,(週三),1.2771,1.2701,1.2805,1.2680,1.2709,1.2836,,1.2709
2023-08-03,(週四),1.2709,1.2699,1.2728,1.2618,1.2703,1.2771,,1.2703
2023-08-04,(週五),1.2703,1.2750,1.2792,1.2669,1.2753,1.2709,,1.2753
2023-08-07,(週一),1.2753,1.2784,1.2789,1.2713,1.2773,1.2703,,1.2773
2023-08-08,(週二),1.2773,1.2721,1.2785,1.2684,1.2738,1.2753,,1.2738
2023-08-09,(週三),1.2738,1.2716,1.2782,1.2696,1.2715,1.2773,,1.2715
2023-08-10,(週四),1.2715,1.2669,1.2819,1.2630,1.2676,1.2738,,1.2676
2023-08-11,(週五),1.2676,1.2696,1.2739,1.2661,1.2688,1.2715,,1.2688
2023-08-14,(週一),1.2688,1.2679,1.2715,1.2617,1.2682,1.2676,,1.2682
2023-08-15,(週二),1.2682,1.2682,1.2753,1.2664,1.2693,1.2688,,1.2693
2023-08-16,(週三),1.2693,1.2704,1.2766,1.2684,1.2717,1.2682,,1.2717
2023-08-17,(週四),1.2717,1.2740,1.2787,1.2702,1.2746,1.2693,,1.2746
2023-08-18,(週五),1.2746,1.2733,1.2766,1.2689,1.2736,1.2717,,1.2736
2023-08-21,(週一),1.2736,1.2753,1.2767,1.2710,1.2755,1.2746,,1.2755
2023-08-22,(週二),1.2755,1.2729,1.2800,1.2719,1.2725,1.2736,,1.2725
2023-08-23,(週三),1.2725,1.2709,1.2765,1.2614,1.2716,1.2755,,1.2716
2023-08-24,(週四),1.2716,1.2597,1.2728,1.2584,1.2598,1.2725,,1.2598
2023-08-25,(週五),1.2598,1.2577,1.2655,1.2548,1.2579,1.2716,,1.2579
2023-08-28,(週一),1.2579,1.2588,1.2611,1.2562,1.2599,1.2598,,1.2599
2023-08-29,(週二),1.2599,1.2628,1.2655,1.2563,1.2639,1.2579,,1.2639
2023-08-30,(週三),1.2639,1.2705,1.2747,1.2619,1.2713,1.2599,,1.2713
2023-08-31,(週四),1.2713,1.2648,1.2734,1.2623,1.2671,1.2639,,1.2671
2023-09-01,(週五),1.2671,1.2587,1.2713,1.2575,1.2588,1.2713,,1.2588
2023-09-04,(週一),1.2588,1.2615,1.2642,1.2580,1.2620,1.2671,,1.2620
2023-09-05,(週二),1.2620,1.2551,1.2632,1.2528,1.2562,1.2588,,1.2562
2023-09-06,(週三),1.2562,1.2494,1.2588,1.2480,1.2500,1.2620,,1.2500
2023-09-07,(週四),1.2500,1.2465,1.2508,1.2445,1.2470,1.2562,,1.2470
2023-09-08,(週五),1.2470,1.2460,1.2514,1.2451,1.2478,1.2500,,1.2478
2023-09-11,(週一),1.2478,1.2506,1.2548,1.2430,1.2509,1.2470,,1.2509
2023-09-12,(週二),1.2509,1.2480,1.2530,1.2444,1.2486,1.2478,,1.2486
2023-09-13,(週三),1.2486,1.2480,1.2512,1.2434,1.2481,1.2509,,1.2481
2023-09-14,(週四),1.2481,1.2402,1.2506,1.2394,1.2404,1.2486,,1.2404
2023-09-15,(週五),1.2404,1.2385,1.2446,1.2379,1.2389,1.2481,,1.2389
2023-09-18,(週一),1.2389,1.2363,1.2410,1.2363,1.2386,1.2404,,1.2386
2023-09-19,(週二),1.2386,1.2383,1.2425,1.2370,1.2389,1.2389,,1.2389
2023-09-20,(週三),1.2389,1.2332,1.2421,1.2293,1.2335,1.2386,,1.2335
2023-09-21,(週四),1.2335,1.2288,1.2346,1.2229,1.2294,1.2389,,1.2294
2023-09-22,(週五),1.2294,1.2236,1.2295,1.2228,1.2244,1.2335,,1.2244
2023-09-25,(週一),1.2244,1.2202,1.2250,1.2190,1.2206,1.2294,,1.2206
2023-09-26,(週二),1.2206,1.2159,1.2215,1.2136,1.2158,1.2244,,1.2158
2023-09-27,(週三),1.2158,1.2126,1.2164,1.2110,1.2135,1.2206,,1.2135
2023-09-28,(週四),1.2135,1.2193,1.2225,1.2120,1.2199,1.2158,,1.2199
2023-09-29,(週五),1.2199,1.2203,1.2272,1.2180,1.2183,1.2135,,1.2183
2023-10-02,(週一),1.2183,1.2089,1.2220,1.2057,1.2087,1.2199,,1.2087
2023-10-03,(週二),1.2087,1.2060,1.2102,1.2050,1.2078,1.2183,,1.2078
2023-10-04,(週三),1.2078,1.2142,1.2177,1.2037,1.2137,1.2087,,1.2137
2023-10-05,(週四),1.2137,1.2186,1.2196,1.2108,1.2189,1.2078,,1.2189
2023-10-06,(週五),1.2189,1.2234,1.2261,1.2106,1.2213,1.2137,,1.2213
2023-10-09,(週一),1.2213,1.2227,1.2244,1.2163,1.2235,1.2189,,1.2235
2023-10-10,(週二),1.2235,1.2266,1.2291,1.2212,1.2279,1.2213,,1.2279
2023-10-11,(週三),1.2279,1.2281,1.2337,1.2267,1.2311,1.2235,,1.2311
2023-10-12,(週四),1.2311,1.2173,1.2332,1.2137,1.2177,1.2279,,1.2177
2023-10-13,(週五),1.2177,1.2137,1.2225,1.2137,1.2150,1.2311,,1.2150
2023-10-16,(週一),1.2150,1.2194,1.2219,1.2143,1.2197,1.2177,,1.2197
2023-10-17,(週二),1.2197,1.2170,1.2216,1.2133,1.2177,1.2150,,1.2177
2023-10-18,(週三),1.2177,1.2141,1.2211,1.2133,1.2141,1.2197,,1.2141
2023-10-19,(週四),1.2141,1.2137,1.2192,1.2090,1.2140,1.2177,,1.2140
2023-10-20,(週五),1.2140,1.2163,1.2170,1.2093,1.2161,1.2141,,1.2161
2023-10-23,(週一),1.2161,1.2223,1.2259,1.2143,1.2244,1.2140,,1.2244
2023-10-24,(週二),1.2244,1.2155,1.2289,1.2124,1.2160,1.2161,,1.2160
2023-10-25,(週三),1.2160,1.2106,1.2176,1.2091,1.2109,1.2244,,1.2109
2023-10-26,(週四),1.2109,1.2109,1.2140,1.2070,1.2126,1.2160,,1.2126
2023-10-27,(週五),1.2126,1.2120,1.2163,1.2105,1.2116,1.2109,,1.2116
2023-10-30,(週一),1.2116,1.2158,1.2175,1.2090,1.2164,1.2126,,1.2164
2023-10-31,(週二),1.2164,1.2142,1.2201,1.2120,1.2141,1.2116,,1.2141
2023-11-01,(週三),1.2141,1.2136,1.2164,1.2096,1.2145,1.2164,,1.2145
2023-11-02,(週四),1.2145,1.2193,1.2225,1.2145,1.2199,1.2141,,1.2199
2023-11-03,(週五),1.2199,1.2380,1.2389,1.2184,1.2367,1.2145,,1.2367
2023-11-06,(週一),1.2367,1.2338,1.2428,1.2323,1.2343,1.2199,,1.2343
2023-11-07,(週二),1.2343,1.2289,1.2347,1.2263,1.2297,1.2367,,1.2297
2023-11-08,(週三),1.2297,1.2271,1.2301,1.2242,1.2280,1.2343,,1.2280
2023-11-09,(週四),1.2280,1.2215,1.2309,1.2194,1.2223,1.2297,,1.2223
2023-11-10,(週五),1.2223,1.2224,1.2238,1.2187,1.2227,1.2280,,1.2227
2023-11-13,(週一),1.2227,1.2254,1.2281,1.2223,1.2269,1.2223,,1.2269
2023-11-14,(週二),1.2269,1.2491,1.2506,1.2265,1.2490,1.2227,,1.2490
2023-11-15,(週三),1.2490,1.2403,1.2499,1.2396,1.2412,1.2269,,1.2412
2023-11-16,(週四),1.2412,1.2390,1.2456,1.2352,1.2416,1.2490,,1.2416
2023-11-17,(週五),1.2416,1.2462,1.2465,1.2374,1.2457,1.2412,,1.2457
2023-11-20,(週一),1.2457,1.2494,1.2518,1.2446,1.2499,1.2416,,1.2499
2023-11-21,(週二),1.2499,1.2519,1.2559,1.2496,1.2527,1.2457,,1.2527
2023-11-22,(週三),1.2527,1.2483,1.2550,1.2449,1.2490,1.2499,,1.2490
2023-11-23,(週四),1.2490,1.2524,1.2569,1.2489,1.2525,1.2527,,1.2525
2023-11-24,(週五),1.2525,1.2601,1.2615,1.2525,1.2603,1.2490,,1.2603
2023-11-27,(週一),1.2603,1.2620,1.2644,1.2591,1.2621,1.2525,,1.2621
2023-11-28,(週二),1.2621,1.2690,1.2715,1.2607,1.2691,1.2603,,1.2691
2023-11-29,(週三),1.2691,1.2685,1.2733,1.2658,1.2688,1.2621,,1.2688
2023-11-30,(週四),1.2688,1.2609,1.2710,1.2586,1.2615,1.2691,,1.2615
2023-12-01,(週五),1.2615,1.2710,1.2716,1.2614,1.2705,1.2688,,1.2705
2023-12-04,(週一),1.2705,1.2631,1.2724,1.2604,1.2626,1.2615,,1.2626
2023-12-05,(週二),1.2626,1.2591,1.2652,1.2570,1.2589,1.2705,,1.2589
2023-12-06,(週三),1.2589,1.2549,1.2614,1.2537,1.2557,1.2626,,1.2557
2023-12-07,(週四),1.2557,1.2572,1.2613,1.2537,1.2590,1.2589,,1.2590
2023-12-08,(週五),1.2590,1.2548,1.2601,1.2502,1.2544,1.2557,,1.2544
2023-12-11,(週一),1.2544,1.2541,1.2591,1.2499,1.2552,1.2590,,1.2552
2023-12-12,(週二),1.2552,1.2560,1.2615,1.2514,1.2543,1.2544,,1.2543
2023-12-13,(週三),1.2543,1.2610,1.2635,1.2500,1.2616,1.2552,,1.2616
2023-12-14,(週四),1.2616,1.2756,1.2794,1.2612,1.2761,1.2543,,1.2761
2023-12-15,(週五),1.2761,1.2675,1.2791,1.2668,1.2671,1.2616,,1.2671
2023-12-18,(週一),1.2671,1.2626,1.2704,1.2599,1.2645,1.2761,,1.2645
2023-12-19,(週二),1.2645,1.2729,1.2762,1.2643,1.2725,1.2671,,1.2725
2023-12-20,(週三),1.2725,1.2623,1.2733,1.2581,1.2633,1.2645,,1.2633
2023-12-21,(週四),1.2633,1.2664,1.2696,1.2612,1.2673,1.2725,,1.2673
2023-12-22,(週五),1.2673,1.2697,1.2744,1.2671,1.2697,1.2633,,1.2697
2023-12-25,(週一),1.2697,1.2676,1.2715,1.2648,1.2685,1.2673,,1.2685
2023-12-26,(週二),1.2685,1.2715,1.2730,1.2677,1.2719,1.2697,,1.2719
2023-12-27,(週三),1.2719,1.2786,1.2803,1.2699,1.2792,1.2685,,1.2792
2023-12-28,(週四),1.2792,1.2718,1.2828,1.2680,1.2728,1.2719,,1.2728
2023-12-29,(週五),1.2728,1.2734,1.2772,1.2700,1.2728,1.2792,,1.2728
2024-01-01,(週一),1.2728,1.2734,1.2772,1.2700,1.2726,1.2728,,1.2726
2024-01-02,(週二),1.2726,1.2612,1.2760,1.2594,1.2617,1.2728,,1.2617
2024-01-03,(週三),1.2617,1.2644,1.2677,1.2614,1.2663,1.2726,,1.2663
2024-01-04,(週四),1.2663,1.2675,1.2730,1.2656,1.2676,1.2617,,1.2676
2024-01-05,(週五),1.2676,1.2717,1.2771,1.2611,1.2715,1.2663,,1.2715
2024-01-08,(週一),1.2715,1.2740,1.2767,1.2673,1.2748,1.2676,,1.2748
2024-01-09,(週二),1.2748,1.2698,1.2765,1.2685,1.2707,1.2715,,1.2707
2024-01-10,(週三),1.2707,1.2717,1.2744,1.2683,1.2732,1.2748,,1.2732
2024-01-11,(週四),1.2732,1.2736,1.2785,1.2690,1.2746,1.2707,,1.2746
2024-01-12,(週五),1.2746,1.2748,1.2786,1.2720,1.2745,1.2732,,1.2745
2024-01-15,(週一),1.2745,1.2726,1.2765,1.2695,1.2724,1.2746,,1.2724
2024-01-16,(週二),1.2724,1.2723,1.2728,1.2614,1.2632,1.2745,,1.2632
2024-01-17,(週三),1.2632,1.2666,1.2696,1.2597,1.2674,1.2724,,1.2674
2024-01-18,(週四),1.2674,1.2701,1.2708,1.2648,1.2704,1.2632,,1.2704
2024-01-19,(週五),1.2704,1.2702,1.2715,1.2656,1.2694,1.2674,,1.2694
2024-01-22,(週一),1.2694,1.2697,1.2733,1.2681,1.2706,1.2704,,1.2706
2024-01-23,(週二),1.2706,1.2666,1.2747,1.2631,1.2682,1.2694,,1.2682
2024-01-24,(週三),1.2682,1.2707,1.2775,1.2680,1.2720,1.2706,,1.2720
2024-01-25,(週四),1.2720,1.2693,1.2743,1.2679,1.2703,1.2682,,1.2703
2024-01-26,(週五),1.2703,1.2703,1.2758,1.2676,1.2698,1.2720,,1.2698
2024-01-29,(週一),1.2698,1.2700,1.2719,1.2662,1.2707,1.2703,,1.2707
2024-01-30,(週二),1.2707,1.2680,1.2721,1.2640,1.2696,1.2698,,1.2696
2024-01-31,(週三),1.2696,1.2641,1.2751,1.2637,1.2674,1.2707,,1.2674
2024-02-01,(週四),1.2674,1.2740,1.2756,1.2625,1.2740,1.2696,,1.2740
2024-02-02,(週五),1.2740,1.2633,1.2772,1.2614,1.2629,1.2674,,1.2629
2024-02-05,(週一),1.2629,1.2527,1.2632,1.2504,1.2531,1.2740,,1.2531
2024-02-06,(週二),1.2531,1.2586,1.2603,1.2526,1.2594,1.2629,,1.2594
2024-02-07,(週三),1.2594,1.2619,1.2642,1.2590,1.2624,1.2531,,1.2624
2024-02-08,(週四),1.2624,1.2605,1.2639,1.2572,1.2612,1.2594,,1.2612
2024-02-09,(週五),1.2612,1.2630,1.2643,1.2599,1.2622,1.2624,,1.2622
2024-02-12,(週一),1.2622,1.2619,1.2655,1.2606,1.2625,1.2612,,1.2625
2024-02-13,(週二),1.2625,1.2582,1.2687,1.2568,1.2590,1.2622,,1.2590
2024-02-14,(週三),1.2590,1.2553,1.2611,1.2535,1.2561,1.2625,,1.2561
2024-02-15,(週四),1.2561,1.2582,1.2602,1.2540,1.2596,1.2590,,1.2596
2024-02-16,(週五),1.2596,1.2600,1.2624,1.2551,1.2599,1.2561,,1.2599
2024-02-19,(週一),1.2599,1.2581,1.2630,1.2569,1.2589,1.2596,,1.2589
2024-02-20,(週二),1.2589,1.2618,1.2669,1.2579,1.2620,1.2599,,1.2620
2024-02-21,(週三),1.2620,1.2630,1.2642,1.2603,1.2634,1.2589,,1.2634
2024-02-22,(週四),1.2634,1.2655,1.2709,1.2611,1.2656,1.2620,,1.2656
2024-02-23,(週五),1.2656,1.2669,1.2701,1.2648,1.2672,1.2634,,1.2672
2024-02-26,(週一),1.2672,1.2674,1.2699,1.2657,1.2679,1.2656,,1.2679
2024-02-27,(週二),1.2679,1.2678,1.2697,1.2660,1.2684,1.2672,,1.2684
2024-02-28,(週三),1.2684,1.2648,1.2686,1.2622,1.2658,1.2679,,1.2658
2024-02-29,(週四),1.2658,1.2609,1.2682,1.2598,1.2619,1.2684,,1.2619
2024-03-01,(週五),1.2619,1.2655,1.2664,1.2599,1.2652,1.2658,,1.2652
2024-03-04,(週一),1.2652,1.2686,1.2706,1.2651,1.2690,1.2619,,1.2690
2024-03-05,(週二),1.2690,1.2696,1.2735,1.2671,1.2701,1.2652,,1.2701
2024-03-06,(週三),1.2701,1.2726,1.2761,1.2690,1.2728,1.2690,,1.2728
2024-03-07,(週四),1.2728,1.2801,1.2811,1.2723,1.2803,1.2701,,1.2803
2024-03-08,(週五),1.2803,1.2857,1.2894,1.2801,1.2848,1.2728,,1.2848
2024-03-11,(週一),1.2848,1.2798,1.2862,1.2756,1.2823,1.2803,,1.2823
2024-03-12,(週二),1.2823,1.2732,1.2810,1.2783,1.2789,1.2848,,1.2789
2024-03-13,(週三),1.2789,1.2789,1.2811,1.2770,1.2793,1.2823,,1.2793
2024-03-14,(週四),1.2793,1.2749,1.2823,1.2731,1.2750,1.2789,,1.2750
2024-03-15,(週五),1.2750,1.2735,1.2759,1.2725,1.2734,1.2793,,1.2734
2024-03-18,(週一),1.2734,1.2725,1.2747,1.2718,1.2728,1.2750,,1.2728
2024-03-19,(週二),1.2728,1.2720,1.2733,1.2668,1.2720,1.2734,,1.2720
2024-03-20,(週三),1.2720,1.2784,1.2787,1.2684,1.2785,1.2728,,1.2785
2024-03-21,(週四),1.2785,1.2654,1.2803,1.2642,1.2657,1.2720,,1.2657
2024-03-22,(週五),1.2657,1.2600,1.2675,1.2575,1.2597,1.2785,,1.2597
2024-03-25,(週一),1.2597,1.2634,1.2652,1.2592,1.2637,1.2657,,1.2637
2024-03-26,(週二),1.2637,1.2625,1.2668,1.2619,1.2626,1.2597,,1.2626
2024-03-27,(週三),1.2626,1.2605,1.2641,1.2623,1.2623,1.2637,,1.2623
2024-03-28,(週四),1.2623,1.2622,1.2655,1.2586,1.2622,1.2626,,1.2622
2024-03-29,(週五),1.2622,1.2621,1.2645,1.2608,1.2625,1.2623,,1.2625
2024-04-01,(週一),1.2625,1.2547,1.2642,1.2539,1.2550,1.2622,,1.2550
2024-04-02,(週二),1.2550,1.2570,1.2578,1.2539,1.2574,1.2625,,1.2574
2024-04-03,(週三),1.2574,1.2645,1.2656,1.2562,1.2649,1.2550,,1.2649
2024-04-04,(週四),1.2649,1.2631,1.2683,1.2621,1.2637,1.2574,,1.2637
2024-04-05,(週五),1.2637,1.2637,1.2649,1.2574,1.2621,1.2649,,1.2621
2024-04-08,(週一),1.2621,1.2640,1.2664,1.2613,1.2652,1.2637,,1.2652
2024-04-09,(週二),1.2652,1.2657,1.2709,1.2642,1.2675,1.2621,,1.2675
2024-04-10,(週三),1.2675,1.2528,1.2708,1.2512,1.2535,1.2652,,1.2535
2024-04-11,(週四),1.2535,1.2553,1.2579,1.2511,1.2553,1.2675,,1.2553
2024-04-12,(週五),1.2553,1.2450,1.2559,1.2426,1.2460,1.2535,,1.2460
2024-04-15,(週一),1.2460,1.2437,1.2499,1.2414,1.2442,1.2553,,1.2442
2024-04-16,(週二),1.2442,1.2423,1.2472,1.2405,1.2426,1.2460,,1.2426
2024-04-17,(週三),1.2426,1.2450,1.2482,1.2417,1.2454,1.2442,,1.2454
2024-04-18,(週四),1.2454,1.2435,1.2484,1.2412,1.2438,1.2426,,1.2438
2024-04-19,(週五),1.2438,1.2371,1.2468,1.2367,1.2372,1.2454,,1.2372
2024-04-22,(週一),1.2372,1.2346,1.2392,1.2299,1.2349,1.2438,,1.2349
2024-04-23,(週二),1.2349,1.2435,1.2458,1.2332,1.2448,1.2372,,1.2448
2024-04-24,(週三),1.2448,1.2449,1.2470,1.2422,1.2454,1.2349,,1.2454
2024-04-25,(週四),1.2454,1.2510,1.2526,1.2450,1.2510,1.2448,,1.2510
2024-04-26,(週五),1.2510,1.2493,1.2541,1.2449,1.2500,1.2454,,1.2500
2024-04-29,(週一),1.2500,1.2550,1.2569,1.2499,1.2554,1.2510,,1.2554
2024-04-30,(週二),1.2554,1.2483,1.2564,1.2472,1.2493,1.2500,,1.2493
2024-05-01,(週三),1.2493,1.2514,1.2550,1.2466,1.2517,1.2554,,1.2517
2024-05-02,(週四),1.2517,1.2512,1.2544,1.2472,1.2533,1.2493,,1.2533
2024-05-03,(週五),1.2533,1.2547,1.2635,1.2526,1.2549,1.2517,,1.2549
2024-05-06,(週一),1.2549,1.2556,1.2594,1.2522,1.2549,1.2533,,1.2549
2024-05-07,(週二),1.2549,1.2503,1.2571,1.2492,1.2507,1.2549,,1.2507
2024-05-08,(週三),1.2507,1.2483,1.2511,1.2468,1.2492,1.2549,,1.2492
2024-05-09,(週四),1.2492,1.2509,1.2527,1.2446,1.2519,1.2507,,1.2519
2024-05-10,(週五),1.2519,1.2523,1.2541,1.2502,1.2525,1.2492,,1.2525
2024-05-13,(週一),1.2525,1.2558,1.2569,1.2517,1.2555,1.2519,,1.2555
2024-05-14,(週二),1.2555,1.2578,1.2598,1.2509,1.2586,1.2525,,1.2586
2024-05-15,(週三),1.2586,1.2674,1.2686,1.2583,1.2680,1.2555,,1.2680
2024-05-16,(週四),1.2680,1.2666,1.2701,1.2643,1.2669,1.2586,,1.2669
2024-05-17,(週五),1.2669,1.2700,1.2712,1.2645,1.2701,1.2680,,1.2701
2024-05-20,(週一),1.2701,1.2703,1.2725,1.2679,1.2706,1.2669,,1.2706
2024-05-21,(週二),1.2706,1.2702,1.2727,1.2686,1.2706,1.2701,,1.2706
2024-05-22,(週三),1.2706,1.2716,1.2761,1.2700,1.2716,1.2706,,1.2716
2024-05-23,(週四),1.2716,1.2689,1.2746,1.2678,1.2692,1.2706,,1.2692
2024-05-24,(週五),1.2692,1.2736,1.2751,1.2669,1.2741,1.2716,,1.2741
2024-05-27,(週一),1.2741,1.2768,1.2778,1.2734,1.2768,1.2692,,1.2768
2024-05-28,(週二),1.2768,1.2756,1.2801,1.2750,1.2759,1.2741,,1.2759
2024-05-29,(週三),1.2759,1.2700,1.2772,1.2684,1.2700,1.2768,,1.2700
2024-05-30,(週四),1.2700,1.2725,1.2747,1.2681,1.2730,1.2759,,1.2730
2024-05-31,(週五),1.2730,1.2742,1.2766,1.2700,1.2743,1.2700,,1.2743
2024-06-03,(週一),1.2743,1.2802,1.2808,1.2694,1.2803,1.2730,,1.2803
2024-06-04,(週二),1.2803,1.2758,1.2818,1.2743,1.2764,1.2743,,1.2764
2024-06-05,(週三),1.2764,1.2784,1.2795,1.2755,1.2786,1.2803,,1.2786
2024-06-06,(週四),1.2786,1.2787,1.2809,1.2762,1.2789,1.2764,,1.2789
2024-06-07,(週五),1.2789,1.2722,1.2813,1.2716,1.2725,1.2786,,1.2725
2024-06-10,(週一),1.2725,1.2724,1.2737,1.2688,1.2719,1.2789,,1.2719
2024-06-11,(週二),1.2719,1.2730,1.2751,1.2706,1.2738,1.2725,,1.2738
2024-06-12,(週三),1.2738,1.2795,1.2860,1.2733,1.2798,1.2719,,1.2798
2024-06-13,(週四),1.2798,1.2740,1.2807,1.2706,1.2757,1.2738,,1.2757
2024-06-14,(週五),1.2757,1.2686,1.2766,1.2657,1.2687,1.2798,,1.2687
2024-06-17,(週一),1.2687,1.2702,1.2710,1.2659,1.2701,1.2757,,1.2701
2024-06-18,(週二),1.2701,1.2695,1.2721,1.2653,1.2707,1.2687,,1.2707
2024-06-19,(週三),1.2707,1.2712,1.2740,1.2695,1.2717,1.2701,,1.2717
2024-06-20,(週四),1.2717,1.2653,1.2723,1.2644,1.2658,1.2707,,1.2658
2024-06-21,(週五),1.2658,1.2640,1.2674,1.2622,1.2644,1.2717,,1.2644
2024-06-24,(週一),1.2644,1.2669,1.2698,1.2632,1.2683,1.2658,,1.2683
2024-06-25,(週二),1.2683,1.2674,1.2702,1.2660,1.2682,1.2644,,1.2682
2024-06-26,(週三),1.2682,1.2622,1.2693,1.2599,1.2622,1.2683,,1.2622
2024-06-27,(週四),1.2622,1.2638,1.2671,1.2613,1.2640,1.2682,,1.2640
2024-06-28,(週五),1.2640,1.2643,1.2663,1.2620,1.2650,1.2622,,1.2650
2024-07-01,(週一),1.2650,1.2635,1.2709,1.2622,1.2644,1.2640,,1.2644
2024-07-02,(週二),1.2644,1.2664,1.2688,1.2615,1.2681,1.2650,,1.2681
2024-07-03,(週三),1.2681,1.2730,1.2777,1.2664,1.2742,1.2644,,1.2742
2024-07-04,(週四),1.2742,1.2758,1.2767,1.2718,1.2758,1.2681,,1.2758
2024-07-05,(週五),1.2758,1.2814,1.2817,1.2754,1.2807,1.2742,,1.2807
2024-07-08,(週一),1.2807,1.2804,1.2846,1.2796,1.2805,1.2758,,1.2805
2024-07-09,(週二),1.2805,1.2781,1.2825,1.2762,1.2788,1.2807,,1.2788
2024-07-10,(週三),1.2788,1.2847,1.2848,1.2780,1.2848,1.2805,,1.2848
2024-07-11,(週四),1.2848,1.2902,1.2949,1.2846,1.2907,1.2788,,1.2907
2024-07-12,(週五),1.2907,1.2987,1.2991,1.2901,1.2968,1.2848,,1.2968
2024-07-15,(週一),1.2968,1.2966,1.2995,1.2952,1.2967,1.2907,,1.2967
2024-07-16,(週二),1.2967,1.2960,1.2980,1.2938,1.2968,1.2968,,1.2968
2024-07-17,(週三),1.2968,1.3005,1.3044,1.2966,1.3008,1.2967,,1.3008
2024-07-18,(週四),1.3008,1.2942,1.3013,1.2924,1.2942,1.2968,,1.2942
2024-07-19,(週五),1.2942,1.2910,1.2951,1.2900,1.2934,1.3008,,1.2934
2024-07-22,(週一),1.2934,1.2927,1.2942,1.2905,1.2932,1.2942,,1.2932
2024-07-23,(週二),1.2932,1.2901,1.2935,1.2888,1.2905,1.2934,,1.2905
2024-07-24,(週三),1.2905,1.2893,1.2937,1.2866,1.2902,1.2932,,1.2902
2024-07-25,(週四),1.2902,1.2852,1.2913,1.2826,1.2850,1.2905,,1.2850
2024-07-26,(週五),1.2850,1.2867,1.2878,1.2849,1.2868,1.2902,,1.2868
2024-07-29,(週一),1.2868,1.2854,1.2888,1.2807,1.2859,1.2850,,1.2859
2024-07-30,(週二),1.2859,1.2824,1.2866,1.2806,1.2830,1.2868,,1.2830
2024-07-31,(週三),1.2830,1.2847,1.2864,1.2819,1.2855,1.2859,,1.2855
2024-08-01,(週四),1.2855,1.2724,1.2863,1.2724,1.2738,1.2830,,1.2738
2024-08-02,(週五),1.2738,1.2804,1.2840,1.2707,1.2793,1.2855,,1.2793
2024-08-05,(週一),1.2793,1.2759,1.2817,1.2710,1.2774,1.2738,,1.2774
2024-08-06,(週二),1.2774,1.2680,1.2803,1.2653,1.2688,1.2793,,1.2688
2024-08-07,(週三),1.2688,1.2683,1.2736,1.2669,1.2689,1.2774,,1.2689
2024-08-08,(週四),1.2689,1.2723,1.2752,1.2665,1.2741,1.2688,,1.2741
2024-08-09,(週五),1.2741,1.2757,1.2774,1.2726,1.2751,1.2689,,1.2751
2024-08-12,(週一),1.2751,1.2758,1.2794,1.2738,1.2763,1.2741,,1.2763
2024-08-13,(週二),1.2763,1.2850,1.2873,1.2760,1.2857,1.2751,,1.2857
2024-08-14,(週三),1.2857,1.2820,1.2868,1.2793,1.2827,1.2763,,1.2827
2024-08-15,(週四),1.2827,1.2840,1.2872,1.2798,1.2850,1.2857,,1.2850
2024-08-16,(週五),1.2850,1.2944,1.2946,1.2847,1.2942,1.2827,,1.2942
2024-08-19,(週一),1.2942,1.2979,1.2997,1.2940,1.2989,1.2850,,1.2989
2024-08-20,(週二),1.2989,1.3034,1.3052,1.2974,1.3034,1.2942,,1.3034
2024-08-21,(週三),1.3034,1.3083,1.3119,1.3011,1.3089,1.2989,,1.3089
2024-08-22,(週四),1.3089,1.3082,1.3130,1.3063,1.3088,1.3034,,1.3088
2024-08-23,(週五),1.3088,1.3218,1.3230,1.3082,1.3211,1.3089,,1.3211
2024-08-26,(週一),1.3211,1.3184,1.3222,1.3173,1.3183,1.3088,,1.3183
2024-08-27,(週二),1.3183,1.3245,1.3266,1.3178,1.3260,1.3211,,1.3260
2024-08-28,(週三),1.3260,1.3185,1.3262,1.3167,1.3191,1.3183,,1.3191
2024-08-29,(週四),1.3191,1.3159,1.3227,1.3141,1.3164,1.3260,,1.3164
2024-08-30,(週五),1.3164,1.3129,1.3200,1.3109,1.3131,1.3191,,1.3131
2024-09-02,(週一),1.3131,1.3130,1.3155,1.3115,1.3143,1.3164,,1.3143
2024-09-03,(週二),1.3143,1.3112,1.3149,1.3087,1.3112,1.3131,,1.3112
2024-09-04,(週三),1.3112,1.3137,1.3175,1.3101,1.3145,1.3143,,1.3145
2024-09-05,(週四),1.3145,1.3176,1.3185,1.3133,1.3176,1.3112,,1.3176
2024-09-06,(週五),1.3176,1.3131,1.3239,1.3110,1.3134,1.3145,,1.3134
2024-09-09,(週一),1.3134,1.3071,1.3143,1.3034,1.3071,1.3176,,1.3071
2024-09-10,(週二),1.3071,1.3057,1.3108,1.3037,1.3076,1.3134,,1.3076
2024-09-11,(週三),1.3076,1.3038,1.3111,1.3002,1.3043,1.3071,,1.3043
2024-09-12,(週四),1.3043,1.3118,1.3127,1.3032,1.3121,1.3076,,1.3121
2024-09-13,(週五),1.3121,1.3123,1.3158,1.3111,1.3133,1.3043,,1.3133
2024-09-16,(週一),1.3133,1.3207,1.3218,1.3131,1.3214,1.3121,,1.3214
2024-09-17,(週二),1.3214,1.3140,1.3229,1.3115,1.3148,1.3133,,1.3148
2024-09-18,(週三),1.3148,1.3179,1.3298,1.3149,1.3202,1.3214,,1.3202
2024-09-19,(週四),1.3202,1.3276,1.3314,1.3153,1.3283,1.3148,,1.3283
2024-09-20,(週五),1.3283,1.3321,1.3340,1.3268,1.3318,1.3202,,1.3318
2024-09-23,(週一),1.3318,1.3333,1.3359,1.3248,1.3343,1.3283,,1.3343
2024-09-24,(週二),1.3343,1.3407,1.3415,1.3332,1.3410,1.3318,,1.3410
2024-09-25,(週三),1.3410,1.3310,1.3430,1.3289,1.3317,1.3343,,1.3317
2024-09-26,(週四),1.3317,1.3404,1.3434,1.3312,1.3399,1.3410,,1.3399
2024-09-27,(週五),1.3399,1.3372,1.3427,1.3360,1.3380,1.3317,,1.3380
2024-09-30,(週一),1.3380,1.3360,1.3423,1.3344,1.3371,1.3399,,1.3371
2024-10-01,(週二),1.3371,1.3280,1.3389,1.3237,1.3282,1.3380,,1.3282
2024-10-02,(週三),1.3282,1.3252,1.3305,1.3213,1.3262,1.3371,,1.3262
2024-10-03,(週四),1.3262,1.3107,1.3271,1.3079,1.3123,1.3282,,1.3123
2024-10-04,(週五),1.3123,1.3121,1.3175,1.3070,1.3117,1.3262,,1.3117
2024-10-07,(週一),1.3117,1.3068,1.3134,1.3048,1.3077,1.3123,,1.3077
2024-10-08,(週二),1.3077,1.3096,1.3113,1.3056,1.3097,1.3117,,1.3097
2024-10-09,(週三),1.3097,1.3064,1.3105,1.3045,1.3067,1.3077,,1.3067
2024-10-10,(週四),1.3067,1.3030,1.3094,1.3009,1.3046,1.3097,,1.3046
2024-10-11,(週五),1.3046,1.3065,1.3083,1.3041,1.3053,1.3067,,1.3053
2024-10-14,(週一),1.3053,1.3050,1.3072,1.3015,1.3056,1.3046,,1.3056
2024-10-15,(週二),1.3056,1.3067,1.3103,1.3035,1.3069,1.3053,,1.3069
2024-10-16,(週三),1.3069,1.2977,1.3077,1.2944,1.2984,1.3056,,1.2984
2024-10-17,(週四),1.2984,1.2996,1.3023,1.2969,1.3008,1.3069,,1.3008
2024-10-18,(週五),1.3008,1.3049,1.3071,1.3007,1.3052,1.2984,,1.3052
2024-10-21,(週一),1.3052,1.2979,1.3055,1.2963,1.2981,1.3008,,1.2981
2024-10-22,(週二),1.2981,1.2956,1.3015,1.2931,1.2979,1.3052,,1.2979
2024-10-23,(週三),1.2979,1.2916,1.2995,1.2887,1.2919,1.2981,,1.2919
2024-10-24,(週四),1.2919,1.2966,1.2988,1.2909,1.2967,1.2979,,1.2967
2024-10-25,(週五),1.2967,1.2960,1.2998,1.2952,1.2958,1.2919,,1.2958
2024-10-28,(週一),1.2958,1.2968,1.3002,1.2940,1.2969,1.2967,,1.2969
2024-10-29,(週二),1.2969,1.3012,1.3016,1.2958,1.3009,1.2958,,1.3009
2024-10-30,(週三),1.3009,1.2958,1.3043,1.2937,1.2961,1.2969,,1.2961
2024-10-31,(週四),1.2961,1.2898,1.2999,1.2844,1.2898,1.3009,,1.2898
2024-11-01,(週五),1.2898,1.2919,1.2980,1.2884,1.2963,1.2961,,1.2963
2024-11-04,(週一),1.2963,1.2955,1.2999,1.2908,1.2953,1.2898,,1.2953
2024-11-05,(週二),1.2953,1.3016,1.3042,1.2948,1.3027,1.2963,,1.3027
2024-11-06,(週三),1.3027,1.2864,1.3048,1.2834,1.2873,1.2953,,1.2873
2024-11-07,(週四),1.2873,1.2985,1.3009,1.2866,1.2984,1.3027,,1.2984
2024-11-08,(週五),1.2984,1.2919,1.2989,1.2883,1.2906,1.2873,,1.2906
2024-11-11,(週一),1.2906,1.2862,1.2926,1.2841,1.2866,1.2984,,1.2866
2024-11-12,(週二),1.2866,1.2747,1.2873,1.2695,1.2744,1.2906,,1.2744
2024-11-13,(週三),1.2744,1.2690,1.2769,1.2674,1.2700,1.2866,,1.2700
2024-11-14,(週四),1.2700,1.2660,1.2720,1.2630,1.2663,1.2744,,1.2663
2024-11-15,(週五),1.2663,1.2615,1.2697,1.2597,1.2610,1.2700,,1.2610
2024-11-18,(週一),1.2610,1.2661,1.2687,1.2605,1.2671,1.2663,,1.2671
2024-11-19,(週二),1.2671,1.2670,1.2689,1.2613,1.2677,1.2610,,1.2677
2024-11-20,(週三),1.2677,1.2644,1.2714,1.2626,1.2647,1.2671,,1.2647
2024-11-21,(週四),1.2647,1.2587,1.2660,1.2556,1.2589,1.2677,,1.2589
2024-11-22,(週五),1.2589,1.2532,1.2594,1.2487,1.2586,1.2647,,1.2586
2024-11-25,(週一),1.2586,1.2563,1.2613,1.2541,1.2566,1.2589,,1.2566
2024-11-26,(週二),1.2566,1.2567,1.2616,1.2507,1.2567,1.2586,,1.2567
2024-11-27,(週三),1.2567,1.2666,1.2695,1.2565,1.2674,1.2566,,1.2674
2024-11-28,(週四),1.2674,1.2674,1.2691,1.2645,1.2682,1.2567,,1.2682
2024-11-29,(週五),1.2682,1.2734,1.2750,1.2671,1.2725,1.2674,,1.2725
2024-12-02,(週一),1.2725,1.2641,1.2730,1.2615,1.2659,1.2682,,1.2659
2024-12-03,(週二),1.2659,1.2671,1.2700,1.2630,1.2669,1.2725,,1.2669
2024-12-04,(週三),1.2669,1.2699,1.2721,1.2630,1.2699,1.2659,,1.2699
2024-12-05,(週四),1.2699,1.2747,1.2771,1.2693,1.2753,1.2669,,1.2753
2024-12-06,(週五),1.2753,1.2742,1.2811,1.2721,1.2742,1.2699,,1.2742
2024-12-09,(週一),1.2742,1.2741,1.2799,1.2717,1.2744,1.2753,,1.2744
2024-12-10,(週二),1.2744,1.2765,1.2778,1.2721,1.2765,1.2742,,1.2765
2024-12-11,(週三),1.2765,1.2737,1.2782,1.2706,1.2748,1.2744,,1.2748
2024-12-12,(週四),1.2748,1.2667,1.2788,1.2666,1.2672,1.2765,,1.2672
2024-12-13,(週五),1.2672,1.2622,1.2679,1.2605,1.2611,1.2748,,1.2611
2024-12-16,(週一),1.2611,1.2671,1.2699,1.2611,1.2677,1.2672,,1.2677
2024-12-17,(週二),1.2677,1.2701,1.2729,1.2666,1.2712,1.2611,,1.2712
2024-12-18,(週三),1.2712,1.2563,1.2724,1.2541,1.2564,1.2677,,1.2564
2024-12-19,(週四),1.2564,1.2496,1.2667,1.2488,1.2504,1.2712,,1.2504
2024-12-20,(週五),1.2504,1.2568,1.2614,1.2475,1.2568,1.2564,,1.2568
2024-12-23,(週一),1.2568,1.2532,1.2588,1.2496,1.2534,1.2504,,1.2534
2024-12-24,(週二),1.2534,1.2527,1.2575,1.2519,1.2531,1.2568,,1.2531
2024-12-25,(週三),1.2531,1.2535,1.2556,1.2527,1.2544,1.2534,,1.2544
2024-12-26,(週四),1.2544,1.2515,1.2549,1.2487,1.2518,1.2531,,1.2518
2024-12-27,(週五),1.2518,1.2575,1.2593,1.2505,1.2574,1.2544,,1.2574
2024-12-30,(週一),1.2574,1.2545,1.2607,1.2506,1.2544,1.2518,,1.2544
2024-12-31,(週二),1.2544,1.2475,1.2569,1.2475,1.2544,1.2574,,1.2544
2025-01-01,(週三),1.2544,1.2504,1.2569,1.2482,1.2513,1.2544,,1.2513
2025-01-02,(週四),1.2513,1.2364,1.2541,1.2334,1.2376,1.2544,,1.2376
2025-01-03,(週五),1.2376,1.2422,1.2434,1.2305,1.2417,1.2513,,1.2417
2025-01-06,(週一),1.2417,1.2503,1.2551,1.2417,1.2512,1.2376,,1.2512
2025-01-07,(週二),1.2512,1.2477,1.2576,1.2465,1.2475,1.2417,,1.2475
2025-01-08,(週三),1.2475,1.2352,1.2494,1.2319,1.2359,1.2512,,1.2359
2025-01-09,(週四),1.2359,1.2300,1.2366,1.2238,1.2305,1.2475,,1.2305
2025-01-10,(週五),1.2305,1.2207,1.2322,1.2191,1.2207,1.2359,,1.2207
2025-01-13,(週一),1.2207,1.2194,1.2210,1.2099,1.2208,1.2305,,1.2208
2025-01-14,(週二),1.2208,1.2201,1.2250,1.2137,1.2207,1.2207,,1.2207
2025-01-15,(週三),1.2207,1.2216,1.2306,1.2147,1.2235,1.2208,,1.2235
2025-01-16,(週四),1.2235,1.2229,1.2260,1.2175,1.2237,1.2207,,1.2237
2025-01-17,(週五),1.2237,1.2167,1.2244,1.2153,1.2174,1.2235,,1.2174
2025-01-20,(週一),1.2174,1.2299,1.2345,1.2160,1.2324,1.2237,,1.2324
2025-01-21,(週二),1.2324,1.2329,1.2361,1.2229,1.2344,1.2174,,1.2344
2025-01-22,(週三),1.2344,1.2315,1.2376,1.2279,1.2315,1.2324,,1.2315
2025-01-23,(週四),1.2315,1.2346,1.2376,1.2293,1.2349,1.2344,,1.2349
2025-01-24,(週五),1.2349,1.2484,1.2502,1.2346,1.2470,1.2315,,1.2470
2025-01-27,(週一),1.2470,1.2490,1.2523,1.2426,1.2496,1.2349,,1.2496
2025-01-28,(週二),1.2496,1.2429,1.2499,1.2414,1.2437,1.2470,,1.2437
2025-01-29,(週三),1.2437,1.2413,1.2463,1.2393,1.2442,1.2496,,1.2442
2025-01-30,(週四),1.2442,1.2407,1.2477,1.2373,1.2414,1.2437,,1.2414
2025-01-31,(週五),1.2414,1.2390,1.2472,1.2378,1.2302,1.2442,,1.2302
2025-02-03,(週一),1.2302,1.2426,1.2455,1.2249,1.2435,1.2414,,1.2435
2025-02-04,(週二),1.2435,1.2477,1.2493,1.2379,1.2476,1.2302,,1.2476
2025-02-05,(週三),1.2476,1.2502,1.2550,1.2463,1.2504,1.2435,,1.2504
2025-02-06,(週四),1.2504,1.2425,1.2509,1.2360,1.2431,1.2476,,1.2431
2025-02-07,(週五),1.2431,1.2400,1.2492,1.2362,1.2377,1.2504,,1.2377
2025-02-10,(週一),1.2377,1.2363,1.2422,1.2352,1.2366,1.2431,,1.2366
2025-02-11,(週二),1.2366,1.2425,1.2455,1.2332,1.2441,1.2377,,1.2441
2025-02-12,(週三),1.2441,1.2425,1.2483,1.2375,1.2439,1.2366,,1.2439
2025-02-13,(週四),1.2439,1.2566,1.2568,1.2429,1.2557,1.2441,,1.2557
2025-02-14,(週五),1.2557,1.2585,1.2630,1.2529,1.2586,1.2439,,1.2586
2025-02-17,(週一),1.2586,1.2612,1.2635,1.2578,1.2619,1.2557,,1.2619
2025-02-18,(週二),1.2619,1.2611,1.2624,1.2573,1.2627,1.2586,,1.2627
2025-02-19,(週三),1.2627,1.2576,1.2640,1.2553,1.2581,1.2619,,1.2581
2025-02-20,(週四),1.2581,1.2657,1.2671,1.2579,1.2662,1.2627,,1.2662
2025-02-21,(週五),1.2662,1.2629,1.2678,1.2617,1.2638,1.2581,,1.2638
2025-02-24,(週一),1.2638,1.2634,1.2690,1.2590,1.2626,1.2662,,1.2626
2025-02-25,(週二),1.2626,1.2655,1.2678,1.2606,1.2663,1.2638,,1.2663
2025-02-26,(週三),1.2663,1.2672,1.2716,1.2634,1.2667,1.2626,,1.2667
2025-02-27,(週四),1.2667,1.2595,1.2689,1.2569,1.2599,1.2663,,1.2599
2025-02-28,(週五),1.2599,1.2579,1.2622,1.2547,1.2590,1.2667,,1.2590
2025-03-03,(週一),1.2590,1.2696,1.2725,1.2575,1.2697,1.2599,,1.2697
2025-03-04,(週二),1.2697,1.2785,1.2800,1.2678,1.2790,1.2590,,1.2790
2025-03-05,(週三),1.2790,1.2887,1.2907,1.2768,1.2890,1.2697,,1.2890
2025-03-06,(週四),1.2890,1.2870,1.2924,1.2847,1.2875,1.2790,,1.2875
2025-03-07,(週五),1.2875,1.2923,1.2945,1.2870,1.2931,1.2890,,1.2931
2025-03-10,(週一),1.2931,1.2868,1.2946,1.2860,1.2874,1.2875,,1.2874
2025-03-11,(週二),1.2874,1.2941,1.2966,1.2869,1.2949,1.2931,,1.2949
2025-03-12,(週三),1.2949,1.2953,1.2989,1.2913,1.2960,1.2874,,1.2960
2025-03-13,(週四),1.2960,1.2943,1.2973,1.2921,1.2949,1.2949,,1.2949
2025-03-14,(週五),1.2949,1.2937,1.2959,1.2895,1.2930,1.2960,,1.2930
2025-03-17,(週一),1.2930,1.2989,1.2999,1.2927,1.2990,1.2949,,1.2990
2025-03-18,(週二),1.2990,1.2999,1.3010,1.2951,1.2998,1.2930,,1.2998
2025-03-19,(週三),1.2998,1.2982,1.3011,1.2952,1.2996,1.2990,,1.2996
2025-03-20,(週四),1.2996,1.2965,1.3015,1.2936,1.2968,1.2998,,1.2968
2025-03-21,(週五),1.2968,1.2914,1.2970,1.2888,1.2914,1.2996,,1.2914
2025-03-24,(週一),1.2914,1.2921,1.2974,1.2895,1.2921,1.2968,,1.2921
2025-03-25,(週二),1.2921,1.2939,1.2967,1.2902,1.2940,1.2914,,1.2940
2025-03-26,(週三),1.2940,1.2882,1.2949,1.2873,1.2888,1.2921,,1.2888
2025-03-27,(週四),1.2888,1.2941,1.2992,1.2871,1.2943,1.2940,,1.2943
2025-03-28,(週五),1.2943,1.2943,1.2968,1.2922,1.2932,1.2888,,1.2932
2025-03-31,(週一),1.2932,1.2910,1.2973,1.2886,1.2914,1.2943,,1.2914
2025-04-01,(週二),1.2914,1.2915,1.2940,1.2879,1.2922,1.2932,,1.2922
2025-04-02,(週三),1.2922,1.2971,1.3025,1.2900,1.2983,1.2914,,1.2983
2025-04-03,(週四),1.2983,1.3090,1.3208,1.2968,1.3092,1.2922,,1.3092
2025-04-04,(週五),1.3092,1.2883,1.3114,1.2852,1.2878,1.2983,,1.2878
2025-04-07,(週一),1.2878,1.2717,1.2934,1.2677,1.2718,1.3092,,1.2718
2025-04-08,(週二),1.2718,1.2751,1.2815,1.2716,1.2751,1.2878,,1.2751
2025-04-09,(週三),1.2751,1.2774,1.2864,1.2743,1.2803,1.2718,,1.2803
2025-04-10,(週四),1.2803,1.2957,1.2996,1.2780,1.2962,1.2751,,1.2962
2025-04-11,(週五),1.2962,1.3071,1.3145,1.2957,1.3080,1.2803,,1.3080
2025-04-14,(週一),1.3080,1.3172,1.3201,1.3073,1.3180,1.2962,,1.3180
2025-04-15,(週二),1.3180,1.3206,1.3252,1.3164,1.3225,1.3080,,1.3225
2025-04-16,(週三),1.3225,1.3216,1.3292,1.3206,1.3227,1.3180,,1.3227
2025-04-17,(週四),1.3227,1.3262,1.3273,1.3203,1.3262,1.3225,,1.3262
2025-04-18,(週五),1.3262,1.3292,1.3299,1.3237,1.3304,1.3227,,1.3304
2025-04-21,(週一),1.3304,1.3368,1.3422,1.3301,1.3373,1.3262,,1.3373
2025-04-22,(週二),1.3373,1.3327,1.3424,1.3301,1.3329,1.3304,,1.3329
2025-04-23,(週三),1.3329,1.3249,1.3339,1.3215,1.3248,1.3373,,1.3248
2025-04-24,(週四),1.3248,1.3321,1.3349,1.3244,1.3339,1.3329,,1.3339
2025-04-25,(週五),1.3339,1.3314,1.3341,1.3274,1.3299,1.3248,,1.3299
2025-04-28,(週一),1.3299,1.3429,1.3444,1.3280,1.3439,1.3339,,1.3439
2025-04-29,(週二),1.3439,1.3393,1.3443,1.3365,1.3400,1.3299,,1.3400
2025-04-30,(週三),1.3400,1.3324,1.3414,1.3305,1.3327,1.3439,,1.3327
2025-05-01,(週四),1.3327,1.3260,1.3345,1.3257,1.3264,1.3400,,1.3264
2025-05-02,(週五),1.3264,1.3268,1.3331,1.3245,1.3264,1.3327,,1.3264
2025-05-05,(週一),1.3264,1.3285,1.3336,1.3256,1.3288,1.3264,,1.3288
2025-05-06,(週二),1.3288,1.3353,1.3402,1.3260,1.3360,1.3264,,1.3360
2025-05-07,(週三),1.3360,1.3282,1.3377,1.3274,1.3286,1.3288,,1.3286
2025-05-08,(週四),1.3286,1.3242,1.3356,1.3227,1.3244,1.3360,,1.3244
2025-05-09,(週五),1.3244,1.3297,1.3323,1.3212,1.3285,1.3286,,1.3285
2025-05-12,(週一),1.3285,1.3162,1.3299,1.3127,1.3173,1.3244,,1.3173
2025-05-13,(週二),1.3173,1.3303,1.3316,1.3160,1.3303,1.3285,,1.3303
2025-05-14,(週三),1.3303,1.3251,1.3360,1.3225,1.3252,1.3173,,1.3252
2025-05-15,(週四),1.3252,1.3290,1.3320,1.3247,1.3302,1.3303,,1.3303
2025-05-16,(週五),1.3302,1.3283,1.3332,1.3250,1.3301,1.3252,,1.3301
2025-05-19,(週一),1.3301,1.3344,1.3404,1.3290,1.3357,1.3302,,1.3357
2025-05-20,(週二),1.3357,1.3366,1.3395,1.3335,1.3390,1.3301,,1.3390
2025-05-21,(週三),1.3390,1.3408,1.3469,1.3369,1.3415,1.3357,,1.3415
2025-05-22,(週四),1.3415,1.3406,1.3441,1.3380,1.3416,1.3390,,1.3416
2025-05-23,(週五),1.3416,1.3535,1.3539,1.3407,1.3535,1.3415,,1.3535
2025-05-26,(週一),1.3535,1.3550,1.3593,1.3512,1.3557,1.3416,,1.3557
2025-05-27,(週二),1.3557,1.3502,1.3587,1.3488,1.3507,1.3535,,1.3507
2025-05-28,(週三),1.3507,1.3460,1.3522,1.3439,1.3463,1.3557,,1.3463
2025-05-29,(週四),1.3463,1.3480,1.3507,1.3416,1.3485,1.3507,,1.3485
2025-05-30,(週五),1.3485,1.3455,1.3511,1.3444,1.3464,1.3463,,1.3464
2025-06-02,(週一),1.3464,1.3532,1.3560,1.3463,1.3533,1.3485,,1.3533
2025-06-03,(週二),1.3533,1.3505,1.3559,1.3487,1.3511,1.3485,,1.3511
2025-06-04,(週三),1.3511,1.3549,1.3580,1.3501,1.3550,1.3464,,1.3550
2025-06-05,(週四),1.3550,1.3566,1.3617,1.3541,1.3570,1.3511,,1.3570
2025-06-06,(週五),1.3570,1.3524,1.3585,1.3507,1.3536,1.3550,,1.3536
2025-06-09,(週一),1.3536,1.3535,1.3581,1.3493,1.3548,1.3570,,1.3548
2025-06-10,(週二),1.3548,1.3490,1.3564,1.3457,1.3499,1.3536,,1.3499
2025-06-11,(週三),1.3499,1.3534,1.3567,1.3464,1.3541,1.3548,,1.3541
2025-06-12,(週四),1.3541,1.3591,1.3623,1.3523,1.3608,1.3499,,1.3608
2025-06-13,(週五),1.3608,1.3568,1.3632,1.3516,1.3556,1.3541,,1.3556
2025-06-16,(週一),1.3556,1.3559,1.3622,1.3533,1.3572,1.3608,,1.3572
2025-06-17,(週二),1.3572,1.3410,1.3579,1.3380,1.3424,1.3556,,1.3424
2025-06-18,(週三),1.3424,1.3413,1.3477,1.3384,1.3416,1.3572,,1.3416
2025-06-19,(週四),1.3416,1.3433,1.3470,1.3382,1.3451,1.3424,,1.3451
2025-06-20,(週五),1.3451,1.3448,1.3511,1.3432,1.3428,1.3416,,1.3428
2025-06-23,(週一),1.3428,1.3520,1.3531,1.3370,1.3516,1.3451,,1.3516
2025-06-24,(週二),1.3516,1.3609,1.3648,1.3511,1.3614,1.3428,,1.3516
2025-06-25,(週三),1.3614,1.3642,1.3672,1.3591,1.3655,1.3516,,1.3655
2025-06-26,(週四),1.3655,1.3724,1.3771,1.3642,1.3718,1.3614,,1.3718
2025-06-27,(週五),1.3718,1.3717,1.3753,1.3683,1.3725,1.3655,,1.3725
2025-06-30,(週一),1.3725,1.3701,1.3741,1.3668,1.3716,1.3718,,1.3716
2025-07-01,(週二),1.3716,1.3742,1.3789,1.3704,1.3745,1.3725,,1.3745
2025-07-02,(週三),1.3745,1.3631,1.3752,1.3562,1.3635,1.3716,,1.3635
2025-07-03,(週四),1.3635,1.3652,1.3676,1.3586,1.3654,1.3745,,1.3654
2025-07-04,(週五),1.3654,1.3642,1.3681,1.3621,1.3653,1.3635,,1.3653
2025-07-07,(週一),1.3653,1.3599,1.3658,1.3570,1.3602,1.3654,,1.3602
2025-07-08,(週二),1.3602,1.3574,1.3647,1.3525,1.3585,1.3653,,1.3585
2025-07-09,(週三),1.3585,1.3577,1.3620,1.3562,1.3580,1.3602,,1.3580
2025-07-10,(週四),1.3580,1.3555,1.3619,1.3521,1.3576,1.3585,,1.3576
2025-07-11,(週五),1.3576,1.3493,1.3585,1.3479,1.3484,1.3580,,1.3479
2025-07-14,(週一),1.3484,1.3427,1.3504,1.3407,1.3420,1.3576,,1.3420
2025-07-15,(週二),1.3420,1.3378,1.3467,1.3348,1.3379,1.3484,,1.3379
2025-07-16,(週三),1.3379,1.3396,1.3486,1.3365,1.3410,1.3420,,1.3410
2025-07-17,(週四),1.3410,1.3400,1.3421,1.3371,1.3414,1.3379,,1.3414
2025-07-18,(週五),1.3414,1.3408,1.3475,1.3391,1.3412,1.3410,,1.3412
2025-07-21,(週一),1.3412,1.3472,1.3511,1.3402,1.3484,1.3414,,1.3484
2025-07-22,(週二),1.3484,1.3512,1.3534,1.3462,1.3526,1.3412,,1.3526
2025-07-23,(週三),1.3526,1.3566,1.3584,1.3513,1.3573,1.3484,,1.3573
2025-07-24,(週四),1.3573,1.3497,1.3588,1.3466,1.3505,1.3526,,1.3505
2025-07-25,(週五),1.3505,1.3430,1.3512,1.3415,1.3434,1.3573,,1.3415
2025-07-28,(週一),1.3434,1.3349,1.3452,1.3324,1.3355,1.3505,,1.3355
2025-07-29,(週二),1.3355,1.3328,1.3364,1.3297,1.3348,1.3434,,1.3348
2025-07-30,(週三),1.3348,1.3223,1.3385,1.3165,1.3229,1.3355,,1.3229
2025-07-31,(週四),1.3229,1.3190,1.3282,1.3160,1.3204,1.3348,,1.3204
2025-08-01,(週五),1.3204,1.3284,1.3310,1.3138,1.3278,1.3229,,1.3278
2025-08-04,(週一),1.3278,1.3279,1.3331,1.3248,1.3281,1.3204,,1.3281
2025-08-05,(週二),1.3281,1.3281,1.3316,1.3247,1.3291,1.3278,,1.3291
2025-08-06,(週三),1.3291,1.3332,1.3368,1.3281,1.3348,1.3281,,1.3348
2025-08-07,(週四),1.3348,1.3434,1.3448,1.3344,1.3439,1.3291,,1.3439
2025-08-08,(週五),1.3439,1.3445,1.3459,1.3418,1.3442,1.3348,,1.3442
2025-08-11,(週一),1.3442,1.3425,1.3477,1.3386,1.3435,1.3439,,1.3435
2025-08-12,(週二),1.3435,1.3480,1.3524,1.3420,1.3493,1.3442,,1.3493
2025-08-13,(週三),1.3493,1.3555,1.3585,1.3492,1.3565,1.3435,,1.3565
2025-08-14,(週四),1.3565,1.3523,1.3595,1.3497,1.3527,1.3493,,1.3527
2025-08-15,(週五),1.3527,1.3555,1.3575,1.3521,1.3561,1.3565,,1.3561
2025-08-18,(週一),1.3561,1.3500,1.3565,1.3482,1.3500,1.3527,,1.3500
2025-08-19,(週二),1.3500,1.3478,1.3531,1.3458,1.3486,1.3561,,1.3486
2025-08-20,(週三),1.3486,1.3454,1.3509,1.3410,1.3449,1.3500,,1.3449
2025-08-21,(週四),1.3449,1.3404,1.3482,1.3394,1.3411,1.3486,,1.3411
2025-08-22,(週五),1.3411,1.3527,1.3544,1.3390,1.3516,1.3449,,1.3516
2025-08-25,(週一),1.3516,1.3438,1.3527,1.3438,1.3454,1.3411,,1.3454
2025-08-26,(週二),1.3454,1.3458,1.3493,1.3434,1.3474,1.3516,,1.3474
2025-08-27,(週三),1.3474,1.3478,1.3502,1.3416,1.3490,1.3454,,1.3490
2025-08-28,(週四),1.3490,1.3483,1.3531,1.3478,1.3507,1.3474,,1.3507
2025-08-29,(週五),1.3507,1.3503,1.3517,1.3446,1.3503,1.3490,,1.3503
2025-09-01,(週一),1.3503,1.3539,1.3550,1.3471,1.3537,1.3507,,1.3537
2025-09-02,(週二),1.3537,1.3378,1.3549,1.3340,1.3388,1.3503,,1.3388
2025-09-03,(週三),1.3388,1.3428,1.3458,1.3333,1.3442,1.3537,,1.3442
2025-09-04,(週四),1.3442,1.3419,1.3459,1.3402,1.3427,1.3388,,1.3427
2025-09-05,(週五),1.3427,1.3506,1.3555,1.3420,1.3486,1.3442,,1.3486
2025-09-08,(週一),1.3486,1.3540,1.3556,1.3483,1.3542,1.3427,,1.3542
2025-09-09,(週二),1.3542,1.3514,1.3590,1.3514,1.3520,1.3486,,1.3520
2025-09-10,(週三),1.3520,1.3530,1.3564,1.3488,1.3525,1.3542,,1.3525
2025-09-11,(週四),1.3525,1.3562,1.3583,1.3489,1.3566,1.3520,,1.3566
2025-09-12,(週五),1.3566,1.3560,1.3580,1.3524,1.3556,1.3525,,1.3556
2025-09-15,(週一),1.3556,1.3594,1.3620,1.3548,1.3595,1.3566,,1.3595
2025-09-16,(週二),1.3595,1.3641,1.3671,1.3594,1.3644,1.3556,,1.3644
2025-09-17,(週三),1.3644,1.3615,1.3726,1.3587,1.3617,1.3595,,1.3617
2025-09-18,(週四),1.3617,1.3541,1.3661,1.3518,1.3544,1.3644,,1.3544
2025-09-19,(週五),1.3544,1.3470,1.3559,1.3460,1.3471,1.3617,,1.3471
2025-09-22,(週一),1.3471,1.3488,1.3520,1.3453,1.3493,1.3544,,1.3493
2025-09-23,(週二),1.3493,1.3502,1.3536,1.3473,1.3519,1.3471,,1.3519
2025-09-24,(週三),1.3519,1.3445,1.3527,1.3403,1.3445,1.3493,,1.3445
2025-09-25,(週四),1.3445,1.3315,1.3467,1.3311,1.3336,1.3519,,1.3336
2025-09-26,(週五),1.3336,1.3403,1.3413,1.3313,1.3404,1.3445,,1.3404
2025-09-29,(週一),1.3404,1.3412,1.3456,1.3379,1.3424,1.3336,,1.3424
2025-09-30,(週二),1.3424,1.3438,1.3467,1.3413,1.3440,1.3404,,1.3440
2025-10-01,(週三),1.3440,1.3467,1.3527,1.3437,1.3474,1.3424,,1.3474
2025-10-02,(週四),1.3474,1.3408,1.3510,1.3401,1.3436,1.3440,,1.3436
2025-10-03,(週五),1.3436,1.3479,1.3487,1.3412,1.3435,1.3474,,1.3435
2025-10-06,(週一),1.3435,1.3478,1.3490,1.3416,1.3480,1.3436,,1.3480
2025-10-07,(週二),1.3480,1.3419,1.3487,1.3376,1.3424,1.3435,,1.3424
2025-10-08,(週三),1.3424,1.3402,1.3438,1.3343,1.3400,1.3480,,1.3400
2025-10-09,(週四),1.3400,1.3284,1.3419,1.3279,1.3286,1.3424,,1.3286
2025-10-10,(週五),1.3286,1.3352,1.3370,1.3361,1.3346,1.3400,,1.3346
2025-10-13,(週一),1.3342,1.3313,1.3366,1.3294,1.3331,1.3286,,1.3331
2025-10-14,(週二),1.3331,1.3313,1.3352,1.3248,1.3317,1.3342,,1.3317
2025-10-15,(週三),1.3317,1.3388,1.3408,1.3313,1.3395,1.3331,,1.3395
2025-10-16,(週四),1.3395,1.3422,1.3454,1.3386,1.3426,1.3317,,1.3426
2025-10-17,(週五),1.3426,1.3427,1.3471,1.3391,1.3427,1.3395,,1.3427
2025-10-20,(週一),1.3427,1.3399,1.3443,1.3380,1.3407,1.3426,,1.3407
2025-10-21,(週二),1.3407,1.3356,1.3416,1.3341,1.3365,1.3427,,1.3365
2025-10-22,(週三),1.3365,1.3337,1.3387,1.3305,1.3352,1.3407,,1.3352
2025-10-23,(週四),1.3352,1.3319,1.3359,1.3300,1.3319,1.3365,,1.3319
2025-10-24,(週五),1.3319,1.3309,1.3367,1.3287,1.3322,1.3352,,1.3322
2025-10-27,(週一),1.3322,1.3335,1.3353,1.3310,1.3335,1.3319,,1.3335
2025-10-28,(週二),1.3335,1.3265,1.3369,1.3247,1.3269,1.3322,,1.3269
2025-10-29,(週三),1.3269,1.3186,1.3280,1.3140,1.3182,1.3335,,1.3182
2025-10-30,(週四),1.3182,1.3143,1.3218,1.3116,1.3145,1.3269,,1.3145
2025-10-31,(週五),1.3145,1.3143,1.3164,1.3097,1.3139,1.3182,,1.3139
2025-11-03,(週一),1.3139,1.3127,1.3162,1.3106,1.3134,1.3145,,1.3134
2025-11-04,(週二),1.3134,1.3009,1.3144,1.2983,1.3013,1.3139,,1.3013
2025-11-05,(週三),1.3013,1.3044,1.3054,1.3010,1.3046,1.3134,,1.3046
2025-11-06,(週四),1.3046,1.3120,1.3142,1.3044,1.3131,1.3013,,1.3131
2025-11-07,(週五),1.3131,1.3160,1.3175,1.3094,1.3151,1.3046,,1.3151
2025-11-10,(週一),1.3151,1.3164,1.3191,1.3130,1.3170,1.3131,,1.3170
2025-11-11,(週二),1.3170,1.3148,1.3184,1.3116,1.3148,1.3151,,1.3148
2025-11-12,(週三),1.3148,1.3115,1.3155,1.3084,1.3124,1.3170,,1.3124
2025-11-13,(週四),1.3124,1.3136,1.3216,1.3100,1.3190,1.3148,,1.3190
2025-11-14,(週五),1.3190,1.3173,1.3200,1.3107,1.3164,1.3124,,1.3164
2025-11-17,(週一),1.3164,1.3146,1.3193,1.3126,1.3149,1.3190,,1.3149
2025-11-18,(週二),1.3149,1.3142,1.3177,1.3133,1.3144,1.3164,,1.3144
2025-11-19,(週三),1.3144,1.3049,1.3155,1.3043,1.3055,1.3149,,1.3055
2025-11-20,(週四),1.3055,1.3062,1.3123,1.3037,1.3067,1.3144,,1.3067
2025-11-21,(週五),1.3067,1.3103,1.3109,1.3088,1.3096,1.3055,,1.3096
2025-11-24,(週一),1.3096,1.3103,1.3118,1.3080,1.3104,1.3067,,1.3104
2025-11-25,(週二),1.3104,1.3161,1.3214,1.3095,1.3169,1.3096,,1.3169
2025-11-26,(週三),1.3169,1.3232,1.3243,1.3124,1.3236,1.3104,,1.3236
2025-11-27,(週四),1.3236,1.3226,1.3269,1.3195,1.3231,1.3169,,1.3231
2025-11-28,(週五),1.3231,1.3236,1.3255,1.3200,1.3238,1.3236,,1.3238
2025-12-01,(週一),1.3238,1.3212,1.3275,1.3200,1.3209,1.3231,,1.3209
2025-12-02,(週二),1.3209,1.3189,1.3221,1.3179,1.3201,1.3238,,1.3201
2025-12-03,(週三),1.3201,1.3349,1.3354,1.3190,1.3350,1.3209,,1.3350
2025-12-04,(週四),1.3350,1.3319,1.3385,1.3298,1.3322,1.3201,,1.3322
2025-12-05,(週五),1.3322,1.3327,1.3362,1.3216,1.3326,1.3350,,1.3326
2025-12-08,(週一),1.3326,1.3312,1.3346,1.3293,1.3317,1.3322,,1.3317
2025-12-09,(週二),1.3317,1.3290,1.3356,1.3258,1.3295,1.3326,,1.3295
2025-12-10,(週三),1.3295,1.3366,1.3388,1.3289,1.3374,1.3317,,1.3374
2025-12-11,(週四),1.3374,1.3385,1.3438,1.3354,1.3389,1.3295,,1.3389
2025-12-12,(週五),1.3389,1.3367,1.3400,1.3342,1.3365,1.3374,,1.3365
2025-12-15,(週一),1.3365,1.3361,1.3401,1.3343,1.3369,1.3389,,1.3369
2025-12-16,(週二),1.3369,1.3414,1.3456,1.3355,1.3420,1.3365,,1.3420
2025-12-17,(週三),1.3420,1.3364,1.3427,1.3311,1.3375,1.3369,,1.3375
2025-12-18,(週四),1.3375,1.3371,1.3446,1.3336,1.3375,1.3420,,1.3375
2025-12-19,(週五),1.3375,1.3375,1.3394,1.3357,1.3376,1.3375,,1.3376
2025-12-22,(週一),1.3376,1.3441,1.3477,1.3372,1.3456,1.3375,,1.3456
2025-12-23,(週二),1.3456,1.3478,1.3523,1.3447,1.3501,1.3376,,1.3501
2025-12-24,(週三),1.3501,1.3497,1.3534,1.3475,1.3501,1.3456,,1.3501
2025-12-25,(週四),1.3501,1.3510,1.3530,1.3491,1.3515,1.3501,,1.3515
2025-12-26,(週五),1.3515,1.3496,1.3527,1.3477,1.3492,1.3501,,1.3492
2025-12-29,(週一),1.3492,1.3491,1.3515,1.3461,1.3502,1.3515,,1.3502
2025-12-30,(週二),1.3502,1.3457,1.3530,1.3421,1.3464,1.3492,,1.3464
2025-12-31,(週三),1.3464,1.3474,1.3483,1.3401,1.3471,1.3502,,1.3471
2026-01-01,(週四),1.3471,1.3461,1.3472,1.3385,1.3464,1.3464,,1.3464
2026-01-02,(週五),1.3464,1.3458,1.3502,1.3434,1.3446,1.3471,,1.3446
2026-01-05,(週一),1.3446,1.3537,1.3548,1.3414,1.3538,1.3464,,1.3538
2026-01-06,(週二),1.3538,1.3492,1.3567,1.3451,1.3494,1.3446,,1.3494
2026-01-07,(週三),1.3494,1.3460,1.3517,1.3441,1.3460,1.3538,,1.3460
2026-01-08,(週四),1.3460,1.3434,1.3465,1.3392,1.3430,1.3494,,1.3430
2026-01-09,(週五),1.3430,1.3398,1.3451,1.3389,1.3392,1.3460,,1.3392
2026-01-12,(週一),1.3392,1.3455,1.3485,1.3390,1.3460,1.3430,,1.3460
2026-01-13,(週二),1.3460,1.3421,1.3494,1.3407,1.3423,1.3392,,1.3423
2026-01-14,(週三),1.3423,1.3435,1.3464,1.3410,1.3441,1.3460,,1.3441
2026-01-15,(週四),1.3441,1.3368,1.3445,1.3352,1.3377,1.3423,,1.3377
2026-01-16,(週五),1.3377,1.3375,1.3413,1.3366,1.3351,1.3441,,1.3351
2026-01-19,(週一),1.3351,1.3420,1.3435,1.3350,1.3426,1.3377,,1.3426
2026-01-20,(週二),1.3426,1.3427,1.3491,1.3393,1.3438,1.3351,,1.3438
2026-01-21,(週三),1.3438,1.3416,1.3459,1.3395,1.3420,1.3426,,1.3420
2026-01-22,(週四),1.3420,1.3476,1.3506,1.3400,1.3493,1.3438,,1.3493
2026-01-23,(週五),1.3493,1.3643,1.3645,1.3475,1.3675,1.3420,,1.3675
2026-01-26,(週一),1.3675,1.3670,1.3713,1.3643,1.3672,1.3493,,1.3672
2026-01-27,(週二),1.3672,1.3822,1.3869,1.3663,1.3825,1.3675,,1.3825
2026-01-28,(週三),1.3825,1.3792,1.3847,1.3749,1.3795,1.3672,,1.3795
2026-01-29,(週四),1.3795,1.3784,1.3848,1.3742,1.3797,1.3825,,1.3797
2026-01-30,(週五),1.3797,1.3684,1.3814,1.3673,1.3681,1.3795,,1.3681
2026-02-02,(週一),1.3681,1.3663,1.3715,1.3623,1.3663,1.3797,,1.3663
2026-02-03,(週二),1.3663,1.3681,1.3707,1.3650,1.3690,1.3681,,1.3690
2026-02-04,(週三),1.3690,1.3605,1.3733,1.3602,1.3648,1.3663,,1.3648
2026-02-05,(週四),1.3648,1.3520,1.3654,1.3501,1.3527,1.3690,,1.3527
2026-02-06,(週五),1.3527,1.3609,1.3623,1.3508,1.3599,1.3648,,1.3599
2026-02-09,(週一),1.3599,1.3673,1.3700,1.3586,1.3688,1.3527,,1.3688
2026-02-10,(週二),1.3688,1.3637,1.3696,1.3611,1.3641,1.3599,,1.3641
2026-02-11,(週三),1.3641,1.3617,1.3712,1.3596,1.3624,1.3688,,1.3624
2026-02-12,(週四),1.3624,1.3604,1.3671,1.3576,1.3611,1.3641,,1.3611
2026-02-13,(週五),1.3611,1.3651,1.3659,1.3590,1.3641,1.3624,,1.3641
2026-02-16,(週一),1.3641,1.3618,1.3662,1.3593,1.3624,1.3611,,1.3624
2026-02-17,(週二),1.3624,1.3537,1.3631,1.3495,1.3558,1.3641,,1.3558
2026-02-18,(週三),1.3558,1.3491,1.3582,1.3480,1.3494,1.3624,,1.3494
2026-02-19,(週四),1.3494,1.3460,1.3516,1.3434,1.3459,1.3558,,1.3459
2026-02-20,(週五),1.3459,1.3484,1.3515,1.3435,1.3490,1.3494,,1.3490
2026-02-23,(週一),1.3490,1.3481,1.3535,1.3472,1.3485,1.3459,,1.3485
2026-02-24,(週二),1.3485,1.3586,1.3536,1.3469,1.3494,1.3490,,1.3494
2026-02-25,(週三),1.3494,1.3550,1.3566,1.3486,1.3552,1.3485,,1.3552
2026-02-26,(週四),1.3552,1.3475,1.3575,1.3445,1.3476,1.3494,,1.3476
2026-02-27,(週五),1.3476,1.3477,1.3508,1.3439,1.3413,1.3552,,1.3413
2026-03-02,(週一),1.3413,1.3404,1.3456,1.3314,1.3403,1.3476,,1.3403
2026-03-03,(週二),1.3403,1.3346,1.3425,1.3253,1.3352,1.3413,,1.3352
2026-03-04,(週三),1.3352,1.3358,1.3403,1.3303,1.3367,1.3403,,1.3367
2026-03-05,(週四),1.3367,1.3319,1.3386,1.3297,1.3345,1.3352,,1.3345
2026-03-06,(週五),1.3345,1.3398,1.3410,1.3311,1.3317,1.3367,,1.3317
2026-03-09,(週一),1.3317,1.3438,1.3446,1.3282,1.3434,1.3345,,1.3434
2026-03-10,(週二),1.3434,1.3416,1.3483,1.3411,1.3412,1.3317,,1.3412
2026-03-11,(週三),1.3412,1.3409,1.3457,1.3393,1.3409,1.3434,,1.3409
2026-03-12,(週四),1.3409,1.3337,1.3413,1.3332,1.3341,1.3412,,1.3341
2026-03-13,(週五),1.3341,1.3222,1.3369,1.3218,1.3239,1.3409,,1.3239
2026-03-16,(週一),1.3239,1.3318,1.3340,1.3230,1.3318,1.3341,,1.3318
2026-03-17,(週二),1.3318,1.3354,1.3364,1.3273,1.3354,1.3239,,1.3354
2026-03-18,(週三),1.3354,1.3257,1.3374,1.3250,1.3257,1.3318,,1.3257
2026-03-19,(週四),1.3257,1.3429,1.3467,1.3246,1.3424,1.3354,,1.3424
2026-03-20,(週五),1.3424,1.3341,1.3441,1.3298,1.3324,1.3257,,1.3324
2026-03-23,(週一),1.3324,1.3430,1.3479,1.3256,1.3422,1.3424,,1.3422
2026-03-24,(週二),1.3422,1.3402,1.3445,1.3352,1.3403,1.3324,,1.3403
2026-03-25,(週三),1.3403,1.3361,1.3481,1.3357,1.3363,1.3422,,1.3363
2026-03-26,(週四),1.3363,1.3328,1.3378,1.3310,1.3330,1.3403,,1.3330
2026-03-27,(週五),1.3330,1.3269,1.3347,1.3244,1.3237,1.3363,,1.3237
2026-03-30,(週一),1.3237,1.3173,1.3282,1.3159,1.3175,1.3330,,1.3175
2026-03-31,(週二),1.3175,1.3212,1.3264,1.3159,1.3221,1.3237,,1.3221
2026-04-01,(週三),1.3221,1.3288,1.3346,1.3213,1.3291,1.3175,,1.3291
2026-04-02,(週四),1.3291,1.3202,1.3320,1.3178,1.3214,1.3221,,1.3214
2026-04-03,(週五),1.3214,1.3188,1.3242,1.3174,1.3191,1.3291,,1.3191
2026-04-06,(週一),1.3191,1.3232,1.3268,1.3185,1.3232,1.3214,,1.3232
2026-04-07,(週二),1.3232,1.3278,1.3300,1.3211,1.3284,1.3191,,1.3284
2026-04-08,(週三),1.3284,1.3389,1.3484,1.3278,1.3392,1.3232,,1.3392
2026-04-09,(週四),1.3392,1.3426,1.3458,1.3381,1.3430,1.3284,,1.3430
2026-04-10,(週五),1.3430,1.3468,1.3479,1.3410,1.3394,1.3392,,1.3394
2026-04-13,(週一),1.3394,1.3492,1.3509,1.3380,1.3493,1.3430,,1.3493
2026-04-14,(週二),1.3493,1.3563,1.3589,1.3492,1.3565,1.3394,,1.3565
2026-04-15,(週三),1.3565,1.3556,1.3579,1.3530,1.3460,1.3493,,1.3460
2026-04-16,(週四),1.3560,1.3516,1.3594,1.3499,1.3517,1.3565,,1.3517
2026-04-17,(週五),1.3517,1.3515,1.3599,1.3504,1.3487,1.3560,,1.3487
2026-04-20,(週一),1.3487,1.3526,1.3544,1.3473,1.3529,1.3517,,1.3529
2026-04-21,(週二),1.3529,1.3491,1.3540,1.3474,1.3493,1.3487,,1.3493
2026-04-22,(週三),1.3493,1.3496,1.3535,1.3477,1.3501,1.3529,,1.3501
2026-04-23,(週四),1.3501,1.3452,1.3518,1.3435,1.3463,1.3493,,1.3463
2026-04-24,(週五),1.3463,1.3535,1.3537,1.3452,1.3515,1.3501,,1.3515
2026-04-27,(週一),1.3515,1.3536,1.3576,1.3412,1.3532,1.3463,,1.3532
2026-04-28,(週二),1.3532,1.3511,1.3541,1.3465,1.3518,1.3515,,1.3518
2026-04-29,(週三),1.3518,1.3466,1.3528,1.3452,1.3468,1.3532,,1.3468
2026-04-30,(週四),1.3468,1.3601,1.3612,1.3454,1.3604,1.3518,,1.3604
2026-05-01,(週五),1.3604,1.3572,1.3657,1.3567,1.3589,1.3468,,1.3589
2026-05-04,(週一),1.3589,1.3511,1.3601,1.3510,1.3532,1.3604,,1.3532
2026-05-05,(週二),1.3532,1.3532,1.3578,1.3512,1.3538,1.3589,,1.3538
2026-05-06,(週三),1.3538,1.3582,1.3643,1.3532,1.3586,1.3532,,1.3586
2026-05-07,(週四),1.3586,1.3547,1.3632,1.3516,1.3547,1.3538,,1.3547
2026-05-08,(週五),1.3547,1.3535,1.3636,1.3545,1.3589,1.3586,,1.3589
2026-05-11,(週一),1.3589,1.3608,1.3653,1.3549,1.3611,1.3547,,1.3611
2026-05-12,(週二),1.3611,1.3526,1.3612,1.3500,1.3535,1.3589,,1.3535
2026-05-13,(週三),1.3535,1.3516,1.3551,1.3484,1.3520,1.3611,,1.3520
2026-05-14,(週四),1.3520,1.3397,1.3532,1.3391,1.3396,1.3535,,1.3396
2026-05-15,(週五),1.3396,1.3315,1.3406,1.3314,1.3316,1.3520,,1.3316
2026-05-18,(週一),1.3316,1.3421,1.3449,1.3302,1.3425,1.3396,,1.3425
2026-05-19,(週二),1.3425,1.3389,1.3437,1.3378,1.3398,1.3316,,1.3398
2026-05-20,(週三),1.3398,1.3436,1.3463,1.3374,1.3435,1.3425,,1.3435
2026-05-21,(週四),1.3435,1.3419,1.3455,1.3398,1.3431,1.3398,,1.3431
2026-05-22,(週五),1.3431,1.3434,1.3463,1.3412,1.3412,1.3435,,1.3412
2026-05-25,(週一),1.3412,1.3498,1.3509,1.3453,1.3500,1.3431,,1.3500
2026-05-26,(週二),1.3500,1.3446,1.3505,1.3416,1.3445,1.3412,,1.3445
2026-05-27,(週三),1.3445,1.3419,1.3459,1.3396,1.3421,1.3500,,1.3421
2026-05-28,(週四),1.3421,1.3438,1.3451,1.3367,1.3438,1.3445,,1.3438
2026-05-29,(週五),1.3438,1.3456,1.3485,1.3408,1.3448,1.3421,,1.3448
2026-06-01,(週一),1.3448,1.3450,1.3476,1.3406,1.3451,1.3438,,1.3451
2026-06-02,(週二),1.3451,1.3462,1.3480,1.3447,1.3463,1.3448,,1.3463
2026-06-03,(週三),1.3463,1.3412,1.3472,1.3398,1.3417,1.3451,,1.3417
2026-06-04,(週四),1.3417,1.3423,1.3462,1.3386,1.3420,1.3463,,1.3420
2026-06-05,(週五),1.3420,1.3337,1.3483,1.3326,1.3323,1.3417,,1.3323
2026-06-08,(週一),1.3323,1.3333,1.3369,1.3305,1.3338,1.3420,,1.3338
2026-06-09,(週二),1.3338,1.3360,1.3411,1.3331,1.3377,1.3323,,1.3377
2026-06-10,(週三),1.3377,1.3367,1.3423,1.3340,1.3368,1.3338,,1.3368
2026-06-11,(週四),1.3368,1.3394,1.3433,1.3324,1.3417,1.3377,,1.3417
2026-06-12,(週五),1.3417,1.3402,1.3426,1.3383,1.3452,1.3368,,1.3452
2026-06-15,(週一),1.3452,1.3401,1.3461,1.3374,1.3410,1.3417,,1.3410
2026-06-16,(週二),1.3410,1.3422,1.3443,1.3390,1.3419,1.3452,,1.3419
2026-06-17,(週三),1.3419,1.3270,1.3434,1.3238,1.3281,1.3410,,1.3281
2026-06-18,(週四),1.3281,1.3193,1.3325,1.3185,1.3201,1.3419,,1.3201
2026-06-19,(週五),1.3201,1.3227,1.3240,1.3163,1.3207,1.3281,,1.3207
2026-06-22,(週一),1.3207,1.3250,1.3273,1.3185,1.3248,1.3201,,1.3248
2026-06-23,(週二),1.3248,1.3187,1.3254,1.3154,1.3201,1.3207,,1.3201
2026-06-24,(週三),1.3201,1.3147,1.3209,1.3113,1.3160,1.3248,,1.3160
2026-06-25,(週四),1.3160,1.3192,1.3219,1.3144,1.3194,1.3201,,1.3194
2026-06-26,(週五),1.3194,1.3192,1.3232,1.3180,1.3194,1.3160,,1.3194 
2026-06-29,(週一),1.3194,1.3243,1.3262,1.3192,1.3251,1.3194,,1.3251
2026-06-30,(週二),1.3251,1.3257,1.3276,1.3211,1.3252,1.3194,,1.3252
2026-07-01,(週三),1.3252,1.3256,1.3292,1.3219,1.3274,1.3251,,1.3274
2026-07-02,(週四),1.3274,1.3325,1.3384,1.3256,1.3343,1.3252,,1.3343
2026-07-03,(週五),1.3343,1.3344,1.3381,1.3325,1.3348,1.3274,,1.3348
2026-07-06,(週一),1.3348,1.3380,1.3397,1.3328,1.3389,1.3343,,1.3389
2026-07-07,(週二),1.3389,1.3344,1.3401,1.3325,1.3350,1.3389,,1.3350
2026-07-08,(週三),1.3350,1.3387,1.3410,1.3322,1.3390,1.3389,,1.3390
2026-07-09,(週四),1.3390,1.3387,1.3431,1.3363,1.3400,1.3350,,1.3400
2026-07-10,(週五),1.3400,1.3394,1.3452,1.3387,1.3374,1.3390,,1.3374
2026-07-13,(週一),1.3374,1.3341,1.3411,1.3341,1.3347,1.3400,,1.3347
2026-07-14,(週二),1.3347,1.3368,1.3443,1.3341,1.3382,1.3374,,1.3382
2026-07-15,(週三),1.3382,1.3529,1.3558,1.3368,1.3525,1.3347,,1.3525
2026-07-16,(週四),1.3525,1.3467,1.3544,1.3453,1.3473,1.3382,,1.3473
2026-07-17,(週五),1.3473,1.3455,1.3481,1.3426,1.3444,1.3525,,1.3444
2026-07-20,(週一),1.3444,1.3419,1.3481,1.3389,1.3423,1.3473,,1.3423
2026-07-21,(週二),1.3423,1.3366,1.3455,1.3337,1.3369,1.3444,,1.3369
2026-07-22,(週三),1.3369,1.3366,1.3395,1.3355,1.3371,1.3423,,1.3371
2026-07-23,(週四),1.3371,1.3292,1.3393,1.3259,1.3315,1.3369,,1.3315
2026-07-24,(週五),1.3315,1.3319,1.3349,1.3221,1.3343,1.3371,,1.3343
2026-07-27,(週一),1.3343,1.3286,1.3364,1.3284,1.3285,1.3315,,1.3285
2026-07-28,(週二),1.3285,1.3282,1.3311,1.3260,1.3289,1.3343,,1.3289
2026-07-29,(週三),1.3289,1.3318,1.3387,1.3278,1.3353,1.3285,,1.3353
2026-07-30,(週四),1.3353,1.3452,1.3477,1.3318,1.3458,1.3289,,1.3458
2026-07-31,(週五),,,,,,,1.3458,